stationid,agencyid,highwayid,highwayname,milepost,description,upstreamstation,downstreamstation,oppositestation,lon,lat
230,364,3,I-205,24.82,"WB Airport Way (2R056) to NB I-205",1140,232,,-122.54757,45.572070000000004
232,232,3,I-205,24.92,"EB Airport Way (2R057) to NB I-205",230,10578,,-122.54769000000002,45.57209999999999
1003,382,1,I-5,289.4,"EB Nyberg Loop (2R313) to NB I-5",3191,1004,,-122.75209999999998,45.38188
1004,383,1,I-5,289.63,"WB Nyberg Slip (2R312) to NB I-5",1003,1005,,-122.7511,45.38279000000001
1005,81,1,I-5,290.54,"Lower Boones (2R311) to NB I-5",1004,10317,,-122.74592,45.39714999999999
1006,82,1,I-5,291.61,"Carman (2R316) to NB I-5",10317,1007,,-122.74275999999999,45.40912
1007,83,1,I-5,292.18,"OR 217/Kruse Way (2R317) to NB I-5",1006,1008,,-122.74224,45.422129999999996
1008,155,1,I-5,293.18,"Haines (2R308) to NB I-5",1007,1009,,-122.74309999999997,45.43495
1009,156,1,I-5,293.74,"99W (2R307) to NB I-5",1008,1010,,-122.74178999999998,45.44289999999997
1010,157,1,I-5,295.18,"Capitol (2R306) to NB I-5",1009,1011,,-122.72042,45.452929999999995
1011,158,1,I-5,296.26,"Spring Garden (2R305) to NB I-5",1010,1012,,-122.69942,45.46212999999999
1012,159,1,I-5,296.6,"Multnomah (2R304) to NB I-5",1011,3167,,-122.69497999999997,45.46537000000001
1013,355,1,I-5,297.4,"Bertha (2R309) to NB I-5",3167,3117,,-122.68450000000001,45.46981
1015,68,1,I-5,299.7,"Macadam (2R301) to NB I-5",3193,3032,,-122.67272999999999,45.50006
1018,165,1,I-5,302.5,"Broadway (2R001) to NB I-5",3168,3169,,-122.66727,45.53624999999999
1019,166,1,I-5,303.88,"Going (2R002) to NB I-5",3171,1020,,-122.67791000000001,45.55459999999998
1020,167,1,I-5,304.3,"Alberta (2DS149) to NB I-5",1019,1021,,-122.67856,45.56063999999999
1021,168,1,I-5,305.12,"Rosa Parks (2R004) to NB I-5",1020,3123,,-122.67798,45.57118999999999
1023,170,1,I-5,306.51,"Victory (2R006) to NB I-5",3124,1024,,-122.68372999999997,45.596439999999994
1024,171,1,I-5,307.46,"Marine Dr/99E (2R007) to NB I-5",1023,1025,,-122.68101999999999,45.60409999999999
1025,172,1,I-5,307.9,"Jantzen Beach (2DS111) to NB I-5",1024,,,-122.67860000000002,45.61180999999999
1026,188,2,I-5,307.9,"Jantzen Beach (2DS111) to SB I-5",,1027,,-122.67860000000002,45.61180999999999
1027,187,2,I-5,307.35,"Marine Dr/99E (2R010) to SB I-5",1026,1147,,-122.68351999999997,45.60327000000001
1028,185,2,I-5,305.97,"Columbia (2R011) to SB I-5",1147,3174,,-122.68042999999997,45.58637
1029,184,2,I-5,305.51,"WB Lombard (2R013) to SB I-5",3173,1030,,-122.67901,45.578149999999994
1030,183,2,I-5,305.4,"EB Lombard (2R012) to SB I-5",1029,1031,,-122.67923999999998,45.576899999999995
1031,182,2,I-5,304.85,"Rosa Parks (2R014) to SB I-5",1030,10640,,-122.67897,45.568889999999996
1032,181,2,I-5,304.08,"Alberta (2R015) to SB I-5",10640,1033,,-122.67898,45.55758
1033,180,2,I-5,303.9,"Going (2R020) to SB I-5",1032,3172,,-122.67901,45.556309999999996
1034,179,2,I-5,303.1,"Greeley (2DS112) to SB I-5",3172,10642,,-122.67563,45.54405999999999
1035,177,2,I-5,302.17,"Wheeler (2R018) to SB I-5",3121,3120,,-122.66641,45.53295
1036,69,2,I-5,299.25,"Hood (2R302) to SB I-5",1096,3194,,-122.67382999999998,45.49528
1037,88,611,DS,291.9,"OR 217/Kruse Way (2R310) to SB I-5",3187,10121,,-122.74571,45.421029999999995
1038,87,2,I-5,291.25,"Carman (2R322) to SB I-5",10318,1039,,-122.74455,45.40656999999999
1039,86,2,I-5,290.4,"Lower Boones (2R321) to SB I-5",1038,1040,,-122.74823999999998,45.395649999999996
1040,85,2,I-5,289.38,"Nyberg (2R320) to SB I-5",1039,3192,,-122.75325,45.382419999999996
1041,386,3,I-205,9.45,"99E (2R042) to NB I-205",1110,3002,,-122.60086,45.36374999999999
1042,219,3,I-205,11.05,"82nd Dr/Gladstone (2DS169) to NB I-205",1144,1043,,-122.57821,45.38591
1043,220,3,I-205,12.94,"OR 212/224 (2DS167) to NB I-205",1042,10590,,-122.57203,45.41073
1045,223,3,I-205,15.09,"Sunnyside (2R054) to NB I-205",1124,1046,,-122.56650000000002,45.43391999999999
1046,224,3,I-205,16.2,"Johnson Cr (2R049) to NB I-205",1045,1047,,-122.5716,45.456690000000016
1047,467,3,I-205,18.1,"Foster (2R050) to NB I-205",1046,10588,,-122.56475000000002,45.47896
1049,251,4,I-205,24.77,"WB Airport Way (2R026) to SB I-205",10579,1050,,-122.55093999999998,45.57187999999999
1050,468,4,I-205,24.66,"EB Airport Way (2R027) to SB I-205",1049,1141,,-122.55186999999998,45.570360000000015
1051,466,4,I-205,20.34,"Washington (2R030) to SB I-205",1143,10581,,-122.56593,45.51716999999999
1052,246,4,I-205,19.25,"Division (2R031) to SB I-205",10583,1053,,-122.56581000000001,45.50138999999998
1053,245,4,I-205,18.92,"Powell (2R032) to SB I-205",1052,1054,,-122.56578000000002,45.49591
1054,470,4,I-205,17.5,"Foster (2R033) to SB I-205",1053,1098,,-122.56636999999998,45.477459999999994
1055,203,7,I-84,0.52,"Grand (2R075) to EB I-84",3125,3127,,-122.66011999999999,45.525250000000014
1056,204,7,I-84,1.33,"16th ( 2R076) to EB I-84",3127,3129,,-122.64958,45.528159999999986
1057,205,7,I-84,2.6,"Cesar Chavez (2R078) to EB I-84",3129,10556,,-122.62228000000002,45.532839999999986
1059,210,8,I-84,4.9,"82nd/Halsey (2R080) to WB I-84",3134,3132,,-122.58081,45.53369
1060,209,8,I-84,3.43,"58th (2R081) to WB I-84",3132,3176,,-122.60529000000001,45.52728999999998
1061,208,8,I-84,2.4,"Sandy (2R079) to WB I-84",10555,1062,,-122.62504999999997,45.534049999999986
1062,207,8,I-84,2.1,"33rd (2R077) to WB I-84",1061,3175,,-122.63083,45.534499999999994
1063,10,9,OR-217,0.66,"Walker (2R339) to NB OR 217",3153,1064,,-122.78983999999997,45.49867999999998
1064,9,9,OR-217,1.34,"Canyon (2R344) to NB OR 217",1063,3155,,-122.79145999999999,45.49158999999999
1065,8,9,OR-217,2.16,"Allen (2R340) to NB OR 217",3155,1066,,-122.78910999999997,45.476879999999994
1066,7,9,OR-217,2.68,"Denney (2R342) to NB OR 217",1065,3157,,-122.78531999999998,45.47017
1067,6,9,OR-217,3.85,"Scholls Ferry (2R338) to NB OR 217",3157,1068,,-122.78364999999998,45.455709999999996
1068,5,9,OR-217,4.65,"Greenburg (2R337) to NB OR 217",1067,10381,,-122.77841999999998,45.444379999999995
1069,4,9,OR-217,5.85,"SB OR 99W Slip (2R336) to NB OR 217",10381,1070,,-122.76259999999999,45.43607
1070,3,9,OR-217,5.9,"NB OR 99W Loop (2R335) to NB OR 217",1069,10521,,-122.75986,45.43428
1071,2,9,OR-217,6.61,"NB 72nd (2R348) to NB OR 217",10521,,,-122.75122000000002,45.42685000000001
1072,21,10,OR-217,6.77,"72nd (2R347) to SB OR 217",,10361,,-122.75030999999997,45.424859999999995
1073,20,10,OR-217,5.95,"OR 99W (2R334) to SB OR 217",10361,10380,,-122.76078999999997,45.433879999999995
1074,19,10,OR-217,5.11,"Greenburg (2R333) to SB OR 217",10380,1075,,-122.77623,45.44268000000001
1075,18,10,OR-217,4.35,"Scholls Ferry (2R332) to SB OR 217",1074,1076,,-122.78469999999999,45.45004
1076,17,10,OR-217,3.5,"Hall (2R331) to SB OR 217",1075,3177,,-122.78556999999998,45.45932999999999
1077,16,10,OR-217,3.12,"Denney (2R343) to SB OR 217",3177,1078,,-122.78640000000001,45.468149999999994
1078,15,10,OR-217,2.55,"Allen (2R341) to SB OR 217",1077,1079,,-122.78918000000002,45.475559999999994
1079,14,10,OR-217,1.92,"B-H Hwy (2R345) to SB OR 217",1078,3156,,-122.79354999999998,45.485430000000015
1080,13,10,OR-217,0.76,"Walker (2R346) to SB OR 217",3156,1111,,-122.79154,45.49757
1081,190,11,US26,61.25,"Helvetia (2R374) to EB US 26",3178,1082,,-122.92497,45.56297
1082,439,11,US26,62.47,"SB Cornelius Pass Rd Loop (2R373) to EB US 26",1081,1128,,-122.90192,45.553239999999995
1083,440,11,US26,64.34,"NB 185th Slip (2R376) to EB US 26",1084,1085,,-122.86575,45.54066
1084,437,11,US26,64.29,"SB 185th Loop (2R375) to EB US 26",1128,1083,,-122.86844,45.541709999999995
1085,195,11,US26,65.9,"Cornell (2R372) to EB US 26",1083,1086,,-122.83643,45.529639999999986
1086,196,11,US26,67.4,"Murray (2R365) to EB US 26",1085,1087,,-122.81416999999998,45.52115999999999
1087,197,11,US26,68.55,"Cedar Hills (2R369) to EB US 26",1086,1089,,-122.79047,45.51239999999999
1089,138,11,US26,69.22,"Parkway (2R370) to EB US 26",1087,3180,,-122.77659,45.506899999999995
1090,140,11,US26,70.9,"Canyon (2R366) to EB US 26",10559,1091,,-122.74232,45.508019999999995
1091,141,11,US26,71.39,"Skyline (2R368) to EB US 26",1090,3161,,-122.73599,45.50817
1092,145,12,US26,71.37,"Skyline (2R367) to WB US 26",3162,10557,,-122.7361,45.509209999999996
1094,201,12,US26,68.2,"Cedar Hills (2R352) to WB US 26",3160,1095,,-122.79405999999999,45.51472999999999
1095,200,12,US26,67.0,"Murray (2R354) to WB US 26",1094,1136,,-122.81608999999997,45.52299999999999
1096,67,2,I-5,299.5,"Naito/Harbor (2R391) to SB I-5",3185,1036,,-122.67534999999997,45.50592000000001
1097,202,7,I-84,0.1,"EB Morrison (2R074) to EB I-84",,3125,,-122.66529,45.52048
1098,243,4,I-205,16.24,"Johnson Creek (2R034) to SB I-205",1054,1125,,-122.57370999999999,45.456019999999995
1100,238,4,I-205,12.67,"OR 212/224 (2DS168) to SB I-205",1106,1101,,,
1101,237,4,I-205,11.05,"82nd Dr/Gladstone (2DS170) to SB I-205",1100,1102,,,
1102,236,4,I-205,10.24,"OR 213/Park Place (2DS172) to SB I-205",1101,3001,,-122.59102,45.37239
1104,234,4,I-205,8.5,"OR 43 (2R351) to SB I-205",10589,3104,,-122.61230000000002,45.36204999999998
1105,174,2,I-5,293.36,"99W (2R324) to SB I-5",3115,1131,,-122.74223,45.441800000000015
1106,240,4,I-205,13.38,"Milwaukie Expressway (2R037) to SB I-205",1126,1100,,-122.572,45.41847999999999
1107,175,2,I-5,295.18,"Capitol (2R306) on SB I-5",1108,3115,,-122.71861999999999,45.45356999999998
1108,176,2,I-5,296.26,"Spring Garden (2R305) on SB I-5",3116,1107,,-122.70013999999999,45.463029999999996
1109,215,3,I-205,8.8,"SB OR 43 (2DS143) to NB I-205",10576,1110,,-122.61088,45.36221999999999
1110,357,3,I-205,9.03,"NB OR 43 (2DS095) to NB I-205",1109,1041,,-122.6081,45.363110000000006
1111,12,10,OR-217,0.45,"Wilshire (2R350) to SB OR 217",1080,3154,,-122.78107,45.506139999999995
1112,143,12,US26,73.33,"Jefferson (2R382) to WB US 26",1122,3181,,-122.69920000000002,45.51682
1113,213,3,I-205,3.55,"Stafford Rd (2R377) to NB I-205",10551,10553,,-122.70395999999998,45.36895999999998
1114,231,4,I-205,2.86,"Stafford Rd (2R390) to SB I-205",3195,10577,,-122.71332,45.37186
1115,233,4,I-205,6.25,"10th (2R379) to SB I-205",10572,10574,,-122.65356000000001,45.34836999999999
1116,214,3,I-205,6.88,"10th (2R378) to NB I-205",3102,10573,,-122.64950000000002,45.34706999999999
1118,11,10,OR-217,0.08,"Barnes (2R349) to SB OR 217",3154,,,-122.77819,45.50941
1119,64,6,I-405,2.22,"Everett (2R386) to SB I-405",3122,1120,,-122.6872,45.52423
1120,63,6,I-405,1.81,"Taylor (2R385) to SB I-405",1119,3110,,-122.68838000000001,45.516969999999986
1121,62,6,I-405,1.37,"Montgomery (2R384) to SB I-405",3110,3196,,-122.69015,45.513349999999996
1122,144,12,US26,73.71,"Clay (2R383) to WB US 26",,1112,,-122.68813000000002,45.51539999999999
1123,149,608,DS,73.62,"EB US 26 (2R383) to NB I-405, Market",10132,10547,,-122.69176000000002,45.514900000000004
1124,222,3,I-205,14.56,"Sunnybrook(2R053) to NB I-205",10590,1045,,-122.56519999999999,45.43358999999999
1125,242,4,I-205,14.58,"Sunnyside (2R028) to SB I-205",1098,1126,,-122.56648999999997,45.431749999999994
1126,241,4,I-205,14.32,"Sunnybrook (2R029) to SB I-205",1125,1106,,-122.56689,45.42862000000001
1127,206,7,I-84,3.69,"60th (2R073) to EB I-84",3130,3131,,-122.60175000000001,45.528880000000015
1128,438,11,US26,62.8,"NB Cornelius Pass Rd Slip (2R397) to EB US 26",1082,1084,,-122.90044,45.554159999999996
1129,198,12,US26,64.24,"185th (2R357) to WB US 26",1136,3159,,-122.86947,45.54297999999998
1131,173,2,I-5,293.1,"Haines (2R323) to SB I-5",1105,10318,,-122.74442999999995,45.437159999999984
1132,65,5,I-405,2.3,"Couch (2R389) to NB I-405",3111,1133,,-122.68612,45.52391
1133,66,5,I-405,2.46,"Glisan (2R395) to NB I-405",1132,3170,,-122.68651,45.526759999999996
1134,60,6,I-405,0.97,"5th (2R394) to SB I-405",1135,,,-122.68337999999999,45.506829999999994
1135,61,6,I-405,1.08,"Broadway (2R388) to SB I-405",3196,1134,,-122.68478,45.50790999999998
1136,199,12,US26,65.65,"Bethany (2R356) to WB US 26",1095,1129,,-122.84307999999999,45.53252999999999
1138,189,11,US26,58.8,"Jackson School Rd (2R398) to EB US 26",,3178,,-122.96712,45.578480000000006
1139,150,609,DS,71.08,"WB US 26 Frontage (2R367) at Skyline",,10134,,-122.73729,45.50891999999999
1140,229,3,I-205,23.41,"Columbia (2R024) to NB I-205",3106,230,,-122.56045,45.56269000000001
1141,469,4,I-205,23.41,"Columbia (2R025) to SB I-205",1050,3107,,-122.56565999999998,45.55855999999999
1143,465,4,I-205,21.12,"Glisan (2R055) to SB I-205",3105,1051,,-122.56589,45.52472
1144,218,3,I-205,10.45,"OR 213/Park Place (2DS171) to I-205 NB MP10.45",3002,1042,,-122.58370000000001,45.377029999999976
1145,211,609,DS,5.7,"Glisan (2R023) to WB I-84",3209,,,-122.56481,45.53118999999998
1146,151,609,DS,69.3,"Barnes (2R355) to WB US 26 Frontage",10134,3209,,-122.78050000000002,45.50999
1147,186,2,I-5,306.6,"Victory (2R021) to SB I-5",1027,1028,,-122.68354000000001,45.59297999999998
1148,142,11,US26,72.21,"Zoo (2R387) to EB US 26",3161,10550,,-122.71774000000002,45.506629999999994
1501,014es00155:_ME,50,"SR 14",1.55,"Grand EB",10428,10607,,-122.64228099999997,45.61851300000001
1502,014es00155:_MW,51,"SR 14",1.55,"Grand WB",10606,10397,,-122.64230099999999,45.618626
1507,005es00255:_MS,502,"WA I-5",2.55,Kiggins,10705,1628,,-122.66279599999999,45.65257699999999
1508,005es00255:_MN,501,"WA I-5",2.55,Kiggins,1627,10706,,-122.66260699999998,45.652644
1511,005es00529:_MS,502,"WA I-5",5.29,99th,1513,1557,,-122.66235899999997,45.691186999999985
1512,005es00529:_MN,501,"WA I-5",5.29,99th,1556,1514,,-122.66214899999997,45.69117399999999
1513,005es00631:_MS,502,"WA I-5",6.31,"Salmon Cr. SB",10438,1511,,-122.655078,45.705051
1514,005es00631:_MN,501,"WA I-5",6.31,"Salmon Cr. NB",1512,10426,,-122.65488799999997,45.705070000000006
1515,005es00730:_MS,502,"WA I-5",7.3,"I-5 SB at 134th",10407,10438,,-122.654627,45.71701299999999
1516,005es00730:_MN,501,"WA I-5",7.3,"I-5 NB at 134th",10426,10403,,-122.65441800000002,45.71704700000001
1526,014es00432:_MW,51,"SR 14",4.32,"Lieser WB",10398,10433,,-122.58624800000001,45.61133699999999
1527,014es00432:_ME,50,"SR 14",4.32,"Lieser EB",10435,10402,,-122.586247,45.61120599999999
1528,014es00559:_MW,51,"SR 14",5.59,"Ellsworth WB",1632,10398,,-122.56099,45.60602299999998
1529,014es00559:_ME,50,"SR 14",5.59,"Ellsworth EB",10402,1631,,-122.56100299999999,45.605912
1547,205es03223:_MS,55,"WA I-205",32.23,"70th SB",1642,1640,,-122.583518,45.673648
1552,005es00378:_MN,501,"WA I-5",3.78,63rd,10712,1554,,-122.665411,45.669626
1553,005es00378:_MS,502,"WA I-5",3.78,63rd,1555,10711,,-122.66565100000001,45.66966199999999
1554,005es00425:_MN,501,"WA I-5",4.25,78th,1552,1556,,-122.66443799999999,45.676580999999985
1555,005es00425:_MS,502,"WA I-5",4.25,78th,1557,1553,,-122.664671,45.67658599999999
1556,005es00494:_MN,501,"WA I-5",4.94,86th,1554,1512,,-122.66424499999997,45.686328999999986
1557,005es00494:_MS,502,"WA I-5",4.94,86th,1511,1555,,-122.664433,45.68635299999998
1570,005es01167:_MN,501,"WA I-5",11.67,"(NB) SR502",10416,1625,,-122.67173599999997,45.78092499999999
1583,005es00045:_MS,502,"WA I-5",0.45,SR-14,10703,10701,,-122.670745,45.623839
1588,005es01175:_MS,502,"WA I-5",11.75,"(SB) SR502",1626,10408,,-122.67381800000001,45.78151299999999
1593,005es07326:_MN,501,"WA I-5",73.26,"mp 73.3 (access gate)",10436,1595,,-122.912376,46.610834999999994
1594,005es07326:_MS,502,"WA I-5",73.26,"mp 73.3 (access gate)",1596,10445,,-122.91254199999999,46.610690000000005
1595,005es07475:_MN,501,"WA I-5",74.75,"Labree Rd Chehalis",1593,1989,,-122.93349599999999,46.62694599999998
1596,005es07475:_MS,502,"WA I-5",74.75,"Labree Rd Chehalis",1990,1594,,-122.933697,46.62682999999998
1599,014es00240:_ME,50,"SR 14",2.4,"Blandford EB",10607,1601,,-122.62442700000001,45.618253
1600,014es00240:_MW,51,"SR 14",2.4,"Blandford WB",1602,10606,,-122.62439499999998,45.61837
1601,014es00305:_ME,50,"SR 14",3.05,"Shorewood EB",1599,10435,,-122.612167,45.61519300000001
1602,014es00305:_MW,51,"SR 14",3.05,"Shorewood WB",10433,1600,,-122.61214,45.61529599999998
1603,014es00772:_ME,50,"SR 14",7.72,"Cascade Park Dr",1631,1605,,-122.519766,45.59601099999998
1604,014es00772:_MW,51,"SR 14",7.72,"Cascade Park Dr",1606,1632,,-122.519709,45.596105
1605,014es00852:_ME,50,"SR 14",8.52,"164th EB",1603,10386,,-122.504397,45.59181499999998
1606,014es00852:_MW,51,"SR 14",8.52,"164th WB",10440,1604,,-122.504347,45.591917
1609,205es02726:_MS,55,"WA I-205",27.26,SR14,10395,,,-122.55213199999999,45.606708999999995
1613,205es03222:_MN,54,"WA I-205",32.22,"70th NB",1639,1641,,-122.583144,45.673764000000006
1617,500es00397:_ME,52,"SR 500",3.97,"Thurston EB",10604,10695,,-122.58702599999998,45.654407000000006
1618,500es00397:_MW,53,"SR 500",3.97,"Thurston WB",10696,10605,,-122.587124,45.654517000000006
1623,005es01080:_MN,501,"WA I-5",10.8,199th,10430,10416,,-122.66690600000001,45.76473399999999
1624,005es01081:_MS,502,"WA I-5",10.81,199th,10408,10410,,-122.66722700000001,45.76469699999999
1625,005es01248:_MN,501,"WA I-5",12.48,"Carty Rd.",1570,10442,,-122.67571700000002,45.79318399999999
1626,005es01249:_MS,502,"WA I-5",12.49,"Carty Rd.",10394,1588,,-122.676182,45.79312599999998
1627,005es00210:_MN,501,"WA I-5",2.1,"35th St",10707,1508,,-122.66164200000001,45.646419
1628,005es00210:_MS,502,"WA I-5",2.1,"35th St",1507,10708,,-122.66187499999998,45.64641999999999
1629,014es00058:_ME,50,"SR 14",0.58,"Pearson EB",10417,10428,,-122.661752,45.61917999999999
1630,014es00058:_MW,51,"SR 14",0.58,"Pearson WB",10397,10400,,-122.661711,45.61931
1631,014es00630:_ME,50,"SR 14",6.3,"I-205 E EB",1529,1603,,-122.54709199999999,45.602675999999995
1632,014es00630:_MW,51,"SR 14",6.3,"I-205 E WB",1604,1528,,-122.547206,45.60282399999998
1633,014es01239:_ME,50,"SR 14",12.39,"6th Ave",10443,1635,,-122.42844800000002,45.580571000000006
1634,014es01239:_MW,51,"SR 14",12.39,"6th Ave",1636,10420,,-122.42829500000002,45.580649999999984
1635,014es01314:_ME,50,"SR 14",13.14,"Lady Island",1633,1637,,-122.416389,45.57518199999999
1636,014es01314:_MW,51,"SR 14",13.14,"Lady Island",1638,1634,,-122.41640099999998,45.575262
1637,014es01465:_ME,50,"SR 14",14.65,Union,1635,10699,,-122.385283,45.580171
1638,014es01465:_MW,51,"SR 14",14.65,Union,10700,1636,,-122.385304,45.58031299999999
1639,205es03153:_MN,54,"WA I-205",31.53,"NE 58th",10697,1613,,-122.57740199999999,45.66447699999999
1640,205es03153:_MS,55,"WA I-205",31.53,"NE 58th",1547,10396,,-122.577815,45.664364000000006
1641,205es03345:_MN,54,"WA I-205",33.45,Andresen,1613,10439,,-122.601211,45.687703000000006
1642,205es03345:_MS,55,"WA I-205",33.45,Andresen,10393,1547,,-122.601628,45.68749900000002
1643,500es00066:_ME,52,"SR 500",0.66,"15th St EB",,1645,,-122.65004099999999,45.65049799999999
1644,500es00066:_MW,53,"SR 500",0.66,"15th St WB",1646,,,-122.64998599999997,45.65062699999999
1645,500es00146:_ME,52,"SR 500",1.46,"Burnt Bridge EB",1643,10603,,-122.63543699999998,45.64609500000002
1646,500es00146:_MW,53,"SR 500",1.46,"Burnt Bridge WB",10602,1644,,-122.635412,45.64621899999998
1989,005es07654:_MN,501,"WA I-5",76.54,"13th Chehalis",1595,10424,,-122.958851,46.645910999999984
1990,005es07654:_MS,502,"WA I-5",76.54,"13th Chehalis",10414,1596,,-122.958938,46.64582799999999
3001,272,4,I-205,10.2,"Park Place (2DS078) @ SB I-205 MP10.2",1102,10235,,-122.58771000000002,45.375159999999994
3002,271,3,I-205,10.2,"Park Place (2DS078) @ NB I-205 MP10.2",1041,1144,,-122.58771000000002,45.375159999999994
3032,44,1,I-5,300.8,"Madison (2DS042) @ NB I-5 MP300.8",1015,10356,,-122.66793000000001,45.51347999999998
3100,262,3,I-205,1.96,"Prosperity Park (2DS001) @ NB I-205 MP1.96",,10551,,-122.72951999999998,45.37297000000001
3101,266,4,I-205,1.96,"Prosperity Park (2DS001) @ SB I-205 MP1.96",10577,,,-122.72951999999998,45.37297000000001
3102,263,3,I-205,5.39,"Blankenship (2DS002) @ NB I-205 MP5.39",10553,1116,,-122.66581999999998,45.35737999999999
3103,264,3,I-205,7.6,"Viewpoint (2DS003) @ NB I-205 MP7.6",10573,10576,,-122.62792,45.35128
3104,268,4,I-205,7.6,"Viewpoint (2DS003) @ SB I-205 MP7.6",1104,10572,,-122.62792,45.35128
3105,297,4,I-205,21.68,"Halsey (2DS004) @ SB I-205 MP21.68",10582,1143,,-122.56457000000002,45.534879999999994
3106,265,3,I-205,23.27,"Prescott (2DS005) @ NB I-205 MP23.27",10580,1140,,-122.56758,45.55579
3107,269,4,I-205,23.27,"Prescott (2DS005) @ SB I-205 MP23.27",1141,10582,,-122.56758,45.55579
3108,91,5,I-405,1.15,"Broadway (2DS006) @ NB I-405 MP1.15",,3109,,-122.68478,45.507919999999984
3109,98,5,I-405,1.77,"Jefferson (2DS008) @ NB I-405 MP1.77",3108,3111,,-122.68787,45.51688
3110,97,6,I-405,1.77,"Jefferson (2DS008) @ SB I-405 MP1.77",1120,1121,,-122.68787,45.51688
3111,89,5,I-405,2.12,"Alder (2DS009) @ NB I-405 MP2.12",3109,1132,,-122.68580000000001,45.522179999999985
3113,101,2,I-5,285.28,"N. Wilsonville (2DS051) @ SB I-5 MP285.28",10669,10665,,-122.76905999999997,45.32327999999999
3115,270,2,I-5,294.05,"OR 99W (2DS053) @ SB I-5 MP294.05",1107,1105,,-122.74061999999998,45.443589999999986
3116,146,2,I-5,297.3,"Terwilliger (2DS054) @ SB I-5 MP297.3",3118,1108,,-122.68902,45.47024
3117,153,1,I-5,297.6,"Miles (2DS055) @ NB I-5 MP297.6",1013,3193,,-122.67721999999998,45.47124999999999
3118,147,2,I-5,297.6,"Miles (2DS055) @ SB I-5 MP297.6",3194,3116,,-122.67721999999998,45.47124999999999
3120,90,2,I-5,301.32,"N. Morrison Bridge (2DS070) @ SB I-5 MP301.32",1035,3185,,-122.66585999999997,45.52098999999998
3121,72,2,I-5,302.51,"Broadway (2DS010) @ SB I-5 MP302.51",10642,1035,,-122.66727,45.53624999999999
3122,253,6,I-405,4.09,"SB I-5 (2DS011) to SB I-405 MP4.09",,1119,,-122.67889,45.54731000000002
3123,256,1,I-5,305.6,"N. Lombard off-ramp (2DS012) @ NB I-5 MP305.6",1021,3124,,-122.67886,45.57876999999998
3124,325,1,I-5,305.9,"N. Columbia off-ramp (2DS080) @ NB I-5 MP305.9",3123,1023,,-122.68014999999998,45.58586
3125,277,7,I-84,0.45,"W. Grand (2DS013) @ EB I-84 MP0.45",1097,1055,,-122.66042000000002,45.52549
3126,294,8,I-84,0.45,"W. Grand (2DS013) @ WB I-84 MP0.45",3128,,,-122.66042000000002,45.52549
3127,278,7,I-84,1.21,"Holiday ramp (2DS014) @ EB I-84 MP1.21",1055,1056,,-122.64923000000002,45.52976
3128,295,8,I-84,1.21,"Holiday ramp (2DS014) @ WB I-84 MP1.21",3175,3126,,-122.64923000000002,45.52976
3129,279,7,I-84,1.82,"28th (2DS015) @ EB I-84 MP1.82",1056,1057,,-122.63511000000001,45.53036
3130,280,7,I-84,3.36,"53rd (2DS016) @ EB I-84 MP3.36",10556,1127,,-122.60881,45.52723
3131,281,7,I-84,4.25,"Halsey ramp (2DS017) @ EB I-84 MP4.25",1127,3133,,-122.59442999999999,45.53366999999999
3132,299,8,I-84,4.25,"Halsey ramp (2DS017) @ WB I-84 MP4.25",1059,1060,,-122.59442999999999,45.53366999999999
3133,282,7,I-84,5.03,"82nd (2DS018) @ EB I-84 MP5.03",3131,3135,,-122.57891,45.532889999999995
3134,300,8,I-84,5.03,"82nd (2DS018) @ WB I-84 MP5.03",3136,1059,,-122.57891,45.532889999999995
3135,283,7,I-84,5.82,"Halsey (2DS019) @ EB I-84 MP5.82",3133,3137,,-122.5659,45.53212999999998
3136,301,8,I-84,5.82,"Halsey (2DS019) @ WB I-84 MP5.82",3138,3134,,-122.5659,45.53212999999998
3137,312,7,I-84,6.7,"102nd (2DS020) @ EB I-84 MP6.7",3135,3139,,-122.55888999999999,45.54447999999999
3138,302,8,I-84,6.7,"102nd (2DS020) @ WB I-84 MP6.7",3140,3136,,-122.55888999999999,45.54447999999999
3139,286,7,I-84,10.04,"122nd (2DS021) @ EB I-84 MP10.04",3137,3141,,-122.53820999999998,45.546889999999976
3140,303,8,I-84,10.04,"122nd (2DS021) @ WB I-84 MP10.04",3142,3138,,-122.53820999999998,45.546889999999976
3141,287,7,I-84,11.47,"148th (2DS022) @ EB I-84 MP11.47",3139,3143,,-122.50928000000002,45.542419999999986
3142,304,8,I-84,11.47,"148th (2DS022) @ WB I-84 MP11.47",3144,3140,,-122.50928000000002,45.542419999999986
3143,288,7,I-84,12.16,"162nd (2DS023) @ EB I-84 MP12.16",3141,3145,,-122.49509000000002,45.542169999999984
3144,305,8,I-84,12.16,"162nd (2DS023) @ WB I-84 MP12.16",3146,3142,,-122.49509000000002,45.542169999999984
3145,289,7,I-84,13.04,"181st (2DS024) @ EB I-84 MP13.04",3143,3147,,-122.47686000000002,45.541290000000004
3146,306,8,I-84,13.04,"181st (2DS024) @ WB I-84 MP13.04",3148,3144,,-122.47686000000002,45.541290000000004
3147,290,7,I-84,14.4,"207th (2DS025) @ EB I-84 MP14.4",3145,3149,,-122.44903,45.53891000000001
3148,307,8,I-84,14.4,"207th (2DS025) @ WB I-84 MP14.4",10212,3146,,-122.44903,45.53891000000001
3149,291,7,I-84,15.17,"223rd (2DS026) @ EB I-84 MP15.17",3147,3151,,-122.43398999999997,45.54189
3150,308,8,I-84,15.17,"223rd (2DS026) @ WB I-84 MP15.17",3152,10212,,-122.43398999999997,45.54189
3151,292,7,I-84,15.94,"238th (2DS027) @ EB I-84 MP15.94",3149,3183,,-122.41853,45.539519999999996
3152,309,8,I-84,15.94,"238th (2DS027) @ WB I-84 MP15.94",3202,3150,,-122.41853,45.539519999999996
3153,56,9,OR-217,0.25,"Wilshire (2DS043) @ NB OR 217 MP0.25",,1063,,-122.78043,45.50622
3154,321,10,OR-217,0.25,"Wilshire (2DS043) @ SB OR 217 MP0.25",1111,1118,,-122.78043,45.50622
3155,52,9,OR-217,1.5,"Canyon (2DS062) @ NB OR 217 MP1.5",1064,1065,,-122.79244,45.49097999999999
3156,51,10,OR-217,1.5,"Canyon (2DS062) @ SB OR 217 MP1.5",1079,1080,,-122.79244,45.49097999999999
3157,53,9,OR-217,3.4,"Hall (2DS064) @ NB OR 217 MP3.4",1066,1067,,-122.78636,45.46385999999998
3158,260,12,US26,61.05,"Helvetia (2DS057) @ WB US26 MP61.05",3159,,,-122.9264,45.56463999999998
3159,261,12,US26,62.48,"Cornelius Pass (2DS066) WB US26 MP62.48",1129,3158,,-122.90059999999997,45.55357000000001
3160,135,12,US26,69.31,"OR 217 Camera 89 (2DS067) @ WB US26 MP69.31",10558,1094,,-122.77776,45.50797
3161,129,11,US26,72.17,"Zoo on-ramp (2DS065) @ EB US26 MP72.17",1091,1148,,-122.71917999999997,45.50700000000001
3162,137,12,US26,72.17,"Zoo Interchange (2DS065) @ WB US26 MP72.17",10552,1092,,-122.71917999999997,45.50700000000001
3163,130,11,US26,73.17,"Jefferson (2DS068) @ EB US26 MP73.17",10550,10591,,-122.70289000000001,45.51245999999999
3164,273,3,I-205,21.68,"Halsey (2DS004) @ NB I-205 MP21.68",10584,10580,,-122.56457000000002,45.534879999999994
3165,99,1,I-5,285.58,"N. Wilsonville (2DS051) @ NB I-5 MP285.28",10662,10670,,-122.76905999999997,45.32327999999999
3167,154,1,I-5,296.9,"Terwilliger (2DS054) @ NB I-5 MP297.3",1012,1013,,-122.68902,45.47024
3168,47,1,I-5,301.32,"N. Morrison Bridge (2DS070) @ NB I-5 MP301.32",10356,1018,,-122.66585999999997,45.52098999999998
3169,71,1,I-5,302.52,"Broadway (2DS010) @ NB I-5 MP302.52",1018,10641,,-122.66727,45.53624999999999
3170,252,5,I-405,4.2,"NB I-405 (2DS011) to NB I-5 MP4.2",1133,,,-122.67889,45.54731000000002
3171,254,1,I-5,303.47,"NB I-5 (2DS011) @ I-405 MP303.47",10379,1019,,-122.67889,45.54731000000002
3172,255,2,I-5,303.47,"SB I-5 (2DS011) @ I-405 MP303.47",1033,1034,,-122.67889,45.54731000000002
3173,257,2,I-5,305.6,"N. Lombard off-ramp (2DS012) @ SB I-5 MP305.6",3174,1029,,-122.67886,45.57876999999998
3174,324,2,I-5,305.9,"N. Columbia off-ramp (2DS080) @ SB I-5 MP305.9",1028,3173,,-122.68014999999998,45.58586
3175,296,8,I-84,1.82,"28th (2DS015) @ WB I-84 MP1.82",1062,3128,,-122.63511000000001,45.53036
3176,298,8,I-84,3.36,"53rd (2DS016) @ WB I-84 MP3.36",1060,10555,,-122.60881,45.52723
3177,54,10,OR-217,3.4,"Hall (2DS064) @ SB OR 217 MP3.4",1076,1077,,-122.78636,45.46385999999998
3178,259,11,US26,61.05,"Helvetia (2DS057) @ EB US26 MP61.05",1138,1081,,-122.9264,45.56463999999998
3180,133,11,US26,69.31,"OR 217 Camera 89 (2DS067) @ EB US26 MP69.31",1089,10554,,-122.77776,45.50797
3181,136,12,US26,73.17,"Jefferson (2DS068) @ WB US26 MP73.17",1112,10552,,-122.70289000000001,45.51245999999999
3183,293,7,I-84,16.9,"Marine Dr (2DS028) @ EB I-84 MP16.9",3151,,,-122.40130999999998,45.54445999999999
3185,45,2,I-5,300.8,"Madison (2DS071) @ SB I-5 MP300.8",3120,1096,,-122.66793000000001,45.51347999999998
3186,125,611,DS,300.26,"Marquam Bridge Catwalk (2DS058) @ SB I-5 MP300.26",10354,3187,,-122.67126,45.506719999999994
3187,124,611,DS,299.8,"Ross Island (2DS060) SB I-5 MP299.8",3186,1037,,-122.67393,45.50059999999999
3191,100,1,I-5,287.46,"Norwood (2DS052) @ NB I-5 MP287.46",10667,1003,,-122.76467,45.353549999999984
3192,102,2,I-5,287.46,"Norwood (2DS052) @ SB I-5 MP287.46",1040,10663,,-122.76467,45.353549999999984
3193,49,1,I-5,298.9,"Corbett (2DS056) @ NB I-5 MP298.9",3117,1015,,-122.67668,45.48839000000002
3194,40,2,I-5,298.9,"Corbett (2DS056) @ SB I-5 MP298.9",1036,3118,,-122.67668,45.48839000000002
3195,267,4,I-205,5.39,"Blankenship (2DS002) @ SB I-205 MP5.39",10574,1114,,-122.66581999999998,45.35737999999999
3196,73,6,I-405,1.15,"Broadway (2DS006) @ SB I-405 MP1.15",1121,1135,,-122.68478,45.507919999999984
3201,120,610,DS,0.2,"Ross Island (2DS060) @ NB I-405 MP0.2",,10359,,-122.67393,45.50059999999999
3202,310,8,I-84,16.9,"Marine Dr (2DS028) @ WB I-84 MP16.9",,3152,,-122.40130999999998,45.54445999999999
3209,116,609,DS,69.1,"NB OR 217 (2DS044) to WB US 26 MP0.08",1146,1145,,-122.77736000000002,45.50956000000001
3210,118,611,DS,0.0,"WB US 26 (2DS045) to SB OR 217 MP69.1",10123,,,-122.7797,45.50914999999999
3211,119,611,DS,0.0,"EB US 26 (2DS046) to SB OR 217 MP69.16",10123,,,-122.77991,45.50864999999999
5208,205es03616:_MS,55,"WA I-205",36.15,"Salmon CR SB",,1537,5207,-122.640267,45.71190999999999
10022,22,616,"R2 Beltline Hwy",7.65,"NW Expressway (E)",,10023,,-123.16036,44.097939999999994
10023,23,616,"R2 Beltline Hwy",8.48,"River Rd (E)",10022,10024,,-123.12803999999998,44.097170000000006
10024,24,616,"R2 Beltline Hwy",9.42,"River Ave (E)",10023,10025,,-123.10897,44.09619
10025,25,616,"R2 Beltline Hwy",10.05,"Delta Hwy (E)",10024,10026,,-123.09981999999998,44.09195
10026,26,616,"R2 Beltline Hwy",11.66,"Coburg Rd (E)",10025,10545,,-123.06726,44.08781
10027,27,617,"R2 Beltline Hwy",11.66,"Coburg Rd (W)",10544,10660,,-123.06726,44.08781
10028,28,617,"R2 Beltline Hwy",10.05,"Green Acres (W)",10660,10029,,-123.09981999999998,44.09195
10029,29,617,"R2 Beltline Hwy",9.42,"River Ave (W)",10028,10030,,-123.10897,44.09619
10030,30,617,"R2 Beltline Hwy",8.48,"River Rd (W)",10029,10031,,-123.12803999999998,44.097170000000006
10031,31,617,"R2 Beltline Hwy",7.65,"NW Expressway (W)",10030,,,-123.16036,44.097939999999994
10121,121,611,DS,1.77,"US 26 off-ramp (2DS008) @ SB I-405 MP1.77",1037,10123,,-122.68787,45.51688
10122,122,611,DS,1.77,"Taylor St on-ramp (2DS008) @ SB I-405 MP1.77",1037,10123,,-122.68787,45.51688
10123,123,611,DS,0.2,"Ross Island off-ramp (2DS060) @ SB I-405 MP0.2",10121,3210,,-122.67393,45.50059999999999
10132,132,608,DS,69.31,"Camera 89 (2DS067) @ EB US26 MP69.31",10285,1123,,-122.77776,45.50797
10134,134,609,DS,69.31,"Camera 89 (2DS067) @ WB US26 MP69.31",1139,1146,,-122.77776,45.50797
10212,212,8,I-84,14.43,"207th (2R085) to WB I-84",3150,3148,,-122.44591999999999,45.539339999999996
10235,235,4,I-205,9.29,"99E (2R041) to SB I-205",3001,10589,,-122.60032999999999,45.36661
10285,285,608,DS,6.7,"102nd off-ramp (2DS020) @ EB I-84 MP6.7",10358,10132,,-122.55888999999999,45.54447999999999
10313,313,626,"R2 I-5",252.3,"Kuebler (3DS001) @ SB I-5 MP252.3",,,,-122.99555,44.89028999999999
10317,317,1,I-5,291.47,"Carman (2DS072) @ NB I-5 MP291.48",1005,1006,,-122.74360000000001,45.41019000000001
10318,318,2,I-5,291.48,"Carman (2DS072) @ SB I-5 MP291.48",1131,1038,,-122.74360000000001,45.41019000000001
10326,326,612,Construction,0,"A Near Side",10656,,,,
10327,327,612,Construction,0,"A Far Side",10656,,,,
10328,328,612,Construction,0,"B Near Side",10656,,,,
10329,329,612,Construction,0,"B Far Side",10656,,,,
10330,362,612,Construction,0,"C Near Side",10656,,,,
10331,363,612,Construction,0,"C Far Side",10656,,,,
10332,332,612,Construction,0,"D Near Side",10656,,,,
10334,334,618,"R2 Delta Hwy",0.9,"S. of Goodpasture (5DS003) @ NB Delta Hwy MP0.90",10335,,,-123.10338,44.081729999999986
10335,335,618,"R2 Delta Hwy",0.66,"N. of Goodpasture (5DS002) @ Delta Hwy MP0.66",10336,10334,,-123.10191,44.08500999999998
10336,336,618,"R2 Delta Hwy",0.32,"Beltline Hwy (5DS001) @ NB Delta Hwy MP0.32",,10335,,-123.09984999999999,44.089439999999996
10337,337,606,"Mt. Hood",54.13,"Maint West (2DS089) @ EB US26 MP54.13",10568,10542,,-121.74399999999997,45.30184
10338,338,607,"Mt. Hood",54.13,"Maint West (2DS090) @ WB US26 MP54.13",10543,10566,,-121.74399999999997,45.30184
10339,339,606,"Mt. Hood",43.77,"Arlie Mitchell (2DS085) @ EB US26 MP43.77",,10569,,-121.91278999999999,45.331339999999976
10340,340,607,"Mt. Hood",43.77,"Arlie Mitchell (2DS086) @ WB US26 MP43.77",10571,,,-121.91278999999999,45.331339999999976
10341,341,606,"Mt. Hood",52.47,"Govt Camp Loop West (2DS087) @ EB US26 MP52.47",10567,10568,,-121.76868,45.30262999999999
10342,342,607,"Mt. Hood",52.47,"Govt Camp Loop West (2DS088) @ WB US26 MP52.47",10566,10570,,-121.76868,45.30262999999999
10345,345,606,"Mt. Hood",61.82,"Frog Lake (2DS094) @ SB US26 MP61.82",10541,10537,,-121.70028,45.228759999999994
10346,346,607,"Mt. Hood",61.82,"Frog Lake (2DS094) @ NB US26 MP61.82",10536,10540,,-121.70028,45.228759999999994
10347,347,612,Construction,0,"D Far Side",10656,,,,
10348,348,606,"Mt. Hood",57.52,"US26 (2DS092) @ EB OR35 MP57.52",10542,10565,,-121.71363999999998,45.283149999999985
10349,349,607,"Mt. Hood",57.52,"US26 (2DS092) @ WB OR35 MP57.52",10564,10543,,-121.71363999999998,45.283149999999985
10351,351,610,DS,307.92,"Jantzen Beach on-ramp (2DS111) @ NB I-5 MP307.92",10525,,,-122.67860000000002,45.61180999999999
10354,354,611,DS,307.92,"Jantzen Beach off-ramp (2DS111) @ SB I-5 MP307.92",,3186,,-122.67860000000002,45.61180999999999
10356,356,1,I-5,300.99,"WB Morrison (2R017) to NB I-5",3032,3168,,-122.66581999999998,45.519029999999994
10358,358,608,DS,5.82,"Halsey off-ramp (2DS019) @ EB I-84 MP5.82",,10285,,-122.5659,45.53212999999998
10359,359,610,DS,292.06,"NB I-5 (2DS082) to NB OR 217",3201,10520,,-122.74374999999999,45.42010000000001
10361,361,10,OR-217,6.33,"S. OR99W (2DS033) @ SB OR 217 MP6.33",1072,1073,,-122.75654999999998,45.43010999999999
10365,365,613,Staleys,45.79,"US26 @ Fischer Rd WB",10369,10367,,-123.18915,45.678790000000006
10366,366,613,Staleys,45.79,"US26 @ Fischer Rd EB",10369,10367,,-123.18915,45.678790000000006
10367,367,613,Staleys,45.42,"US26 @ OR47 EB",10365,,,-123.19675999999998,45.68278000000001
10368,368,613,Staleys,45.42,"US26 @ OR47 WB",10365,,,-123.19675999999998,45.68278000000001
10369,369,613,Staleys,76.23,"OR47 SB",,10365,,-123.19677999999999,45.683370000000004
10374,374,615,"R5 I-84",279.3,"Baker Valley I-84 MP279.30 EB",10646,10377,,-117.95978999999997,45.11458999999999
10375,375,614,"R5 I-84",279.3,"Baker Valley I-84 MP279.30 WB",10378,10650,,-117.95978999999997,45.11458999999999
10376,376,614,"R5 I-84",298.02,"Baker Valley I-84 MP298.02 WB",,10378,,-117.81706,44.87116000000001
10377,377,615,"R5 I-84",298.02,"Baker Valley I-84 MP298.02 EB",10374,,,-117.81706,44.87116000000001
10378,378,614,"R5 I-84",294.87,"Baker Valley I-84 MP294.87 WB",10376,10375,,-117.82421999999997,44.92243
10379,379,1,I-5,303.1,"Greeley (2DS112) to NB I-5",10641,3171,,-122.67563,45.54405999999999
10380,380,10,OR-217,5.43,"S. Greenburg (2DS041) @ SB OR 217 MP5.43",1073,1074,,-122.76944,45.439689999999985
10381,381,9,OR-217,5.43,"S. Greenburg (2DS041) @ NB OR 217 MP5.43",1068,1069,,-122.76944,45.439689999999985
10384,384,624,"R4 Century Dr",21.11,"Mt. Bachelor EB",,,,-121.65662999999999,43.99178
10385,385,625,"R4 Century Dr",21.11,"Mt. Bachelor WB",,,,-121.65662999999999,43.99178
10386,014es00952:_ME,50,"SR 14",9.52,"Quarry Rd.",1605,10409,,-122.485001,45.587163999999994
10387,005es08274:_MS,502,"WA I-5",82.74,"Harrison Ave",10444,10411,,-122.97711600000001,46.72760300000001
10388,205es02836:_MN,54,"WA I-205",28.36,"Mill Plain",,10713,,-122.55900999999999,45.621416
10389,005es08132:_MN,501,"WA I-5",81.32,"Mellen Couplet",10424,10419,,-122.97384900000002,46.70671099999999
10390,503es00471:_MN,100,"SR 503",4.71,154th,,,,-122.551406,45.735259000000006
10392,014es01049:_MW,51,"SR 14",10.49,"East of 192nd",10420,10440,,-122.465566,45.583792999999986
10393,205es03435:_MS,55,"WA I-205",34.35,"ST Johns SB",10437,1642,,-122.611251,45.69565499999999
10394,005es01346:_MS,502,"WA I-5",13.46,"Dolan RD",10445,1626,,-122.68168300000002,45.80612099999999
10395,205es02836:_MS,55,"WA I-205",28.36,"Mill Plain",10406,1609,,-122.55947299999997,45.621407000000005
10396,205es03095:_MS,55,"WA I-205",30.95,"SR500 SB",1640,10709,,-122.571367,45.65711199999998
10397,014es00091:_MW,51,"SR 14",0.91,"Col. Shores BLVD",1502,1630,,-122.62569199999997,45.618509999999986
10398,014es00500:_MW,51,"SR 14",5,"97th AVE",1528,1526,,-122.572918,45.608563
10399,500es00875:_MW,53,"SR 500",8.75,"152nd AVE",10421,10717,,-122.51660300000002,45.682923999999986
10400,014es00017:_MW,51,"SR 14",0.17,"Apple Tree",1630,,,-122.669169,45.622002999999985
10401,205es03094:_MN,54,"WA I-205",30.94,"SR500 NB",10446,10697,,-122.57097200000001,45.657269
10402,014es00500:_ME,50,"SR 14",5,"97th AVE",1527,1529,,-122.57295400000001,45.608473
10403,005es00756:_MN,501,"WA I-5",7.56,139th,1516,10601,,-122.65476,45.72282499999999
10404,005es08227:_MN,501,"WA I-5",82.27,"CDNB Harrison",10419,10431,,-122.976448,46.720334999999984
10405,005es08557:_MS,502,"WA I-5",85.57,"L/T COUNTY LINE",,10444,,-122.99316100000001,46.76551499999998
10406,205es02937:_MS,55,"WA I-205",29.36,"18th ST SB",10709,10395,,-122.56114799999999,45.635727
10407,005es00756:_MS,502,"WA I-5",7.56,139th,10600,1515,,-122.65495900000002,45.72283399999998
10408,005es01103:_MS,502,"WA I-5",11.03,209th,1588,1624,,-122.66989900000002,45.772275
10409,014es01049:_ME,50,"SR 14",10.49,"East of 192nd",10386,10443,,-122.46561899999999,45.583697
10410,005es00977:_MS,502,"WA I-5",9.77,"179th ST SB",1624,10600,,-122.66388799999999,45.753879999999995
10411,005es08227:_MS,502,"WA I-5",82.27,"CDNB Harrison",10387,10427,,-122.976622,46.720357
10412,005es08132:_MS,502,"WA I-5",81.32,"Mellen Couplet",10427,10414,,-122.97402100000001,46.70668400000001
10413,205es02937:_MN,54,"WA I-205",29.36,"18th ST NB",10698,10710,,-122.56071500000002,45.635803
10414,005es08076:_MS,502,"WA I-5",80.76,"MELLEN CPLT OFF ",10412,1990,,-122.97145600000002,46.699146999999996
10415,005es08385:_MN,501,"WA I-5",83.85,"BLAKESLEE JCN",10431,10425,,-122.978524,46.742747999999985
10416,005es01103:_MN,501,"WA I-5",11.03,209th,1623,1570,,-122.669274,45.772385999999976
10417,014es00017:_ME,50,"SR 14",0.17,"Apple Tree",,1629,,-122.66908200000002,45.62206400000001
10419,005es08167:_MN,501,"WA I-5",81.67,"MELLEN ST",10389,10404,,-122.97548599999998,46.71206999999999
10420,014es01145:_MW,51,"SR 14",11.45,"Camas C/L",1634,10392,,-122.447321,45.578781
10421,500es00964:_MW,53,"SR 500",9.64,"79th ST",,10399,,-122.5058,45.68080199999999
10422,503es00471:_MS,101,"SR 503",4.71,154th,,,,-122.55155800000001,45.73525399999998
10424,005es08076:_MN,501,"WA I-5",80.76,"MELLEN CPLT OFF ",1989,10389,,-122.97127399999998,46.69916899999998
10425,005es08557:_MN,501,"WA I-5",85.57,"L/T COUNTY LINE",10415,,,-122.992886,46.76558099999999
10426,005es00689:_MN,501,"WA I-5",6.89,129th,1514,1516,,-122.65290999999998,45.71310699999999
10427,005es08167:_MS,502,"WA I-5",81.67,"MELLEN ST",10411,10412,,-122.975647,46.71206999999999
10428,014es00091:_ME,50,"SR 14",0.91,"Col. Shores BLVD",1629,1501,,-122.62571899999998,45.618404000000005
10430,005es00976:_MN,501,"WA I-5",9.76,"179th ST NB",10601,1623,,-122.66354099999998,45.753930999999994
10431,005es08274:_MN,501,"WA I-5",82.74,"Harrison Ave",10404,10415,,-122.976919,46.727596999999996
10432,500es00964:_ME,52,"SR 500",9.64,"79th ST",10716,,,-122.505942,45.68080199999999
10433,014es00376:_MW,51,"SR 14",3.76,"73rd AVE",1526,1602,,-122.59737500000001,45.61295099999999
10434,205es03667:_MN,54,"WA I-205",36.67,134th,10439,,,-122.64741799999997,45.716943
10435,014es00376:_ME,50,"SR 14",3.76,"73rd AVE",1601,1527,,-122.597386,45.612858999999986
10436,005es01420:_MN,501,"WA I-5",14.2,SR-501,10442,1593,,-122.685972,45.81631699999999
10437,205es03667:_MS,55,"WA I-205",36.67,134th,,10393,,-122.64773500000001,45.71677999999999
10438,005es00689:_MS,502,"WA I-5",6.89,129th,1515,1513,,-122.65315500000001,45.713088
10439,205es03434:_MN,54,"WA I-205",34.34,"ST Johns NB",1641,10434,,-122.61089800000002,45.69588399999998
10440,014es00952:_MW,51,"SR 14",9.52,"Quarry Rd.",10392,1606,,-122.48492800000001,45.587304999999986
10442,005es01346:_MN,501,"WA I-5",13.46,"Dolan RD",1625,10436,,-122.68124599999997,45.80619499999999
10443,014es01145:_ME,50,"SR 14",11.45,"Camas C/L",10409,1633,,-122.44736100000001,45.578681
10444,005es08385:_MS,502,"WA I-5",83.85,"BLAKESLEE JCN",10405,10387,,-122.97874000000002,46.74268999999998
10445,005es01420:_MS,502,"WA I-5",14.2,SR-501,1594,10394,,-122.68640000000002,45.816265000000016
10446,205es03038:_MN,54,"WA I-205",30.38,"39th NB",10710,10401,,-122.56609199999998,45.649898000000015
10520,314,610,DS,300.47,"Marquam Bridge (2DS079) @ NB I-5 MP300.47",10359,10643,,-122.66726000000001,45.50920000000001
10521,360,9,OR-217,6.33,"S. OR99W (2DS033) @ NB OR 217 MP6.33",1070,1071,,-122.75654999999998,45.43010999999999
10522,388,610,DS,304.4,"Alberta HOV (2R003) to NB I-5",10524,10523,,-122.67813999999997,45.561719999999994
10523,389,610,DS,305.12,"Rosa Parks HOV (2R004) to NB I-5",10522,10525,,-122.67798,45.57118999999999
10524,387,610,DS,303.88,"Going HOV (2R002) to NB I-5",10643,10522,,-122.67791000000001,45.55459999999998
10525,390,610,DS,306.51,"Victory HOV (2R006) to NB I-5",10523,10351,,-122.68372999999997,45.596439999999994
10526,402,622,"R2 OR99W",24.41,"Newberg Home Acres OR99W NB MP 24.41",,,,-122.98923999999998,45.29605999999999
10527,392,621,"R2 OR18",56.18,"Dundee Fulquartz OR18 WB MP 56.18",10528,,,-123.00905000000002,45.270679999999984
10528,395,621,"R2 OR18",56.75,"Dundee 8th OR18 WB MP 56.75",10533,10527,,-122.99958999999998,45.27514999999998
10529,401,623,"R2 OR99W",24.41,"Newberg Home Acres OR99W SB MP 24.41",,,,-122.98923999999998,45.29605999999999
10530,398,620,"R2 OR18",57.95,"Newberg Waterfront OR18 EB MP 57.95",10534,10531,,-122.97925,45.28478
10531,400,620,"R2 OR18",59.04,"Newberg Wynooski OR18 EB MP 59.04",10530,,,-122.96061,45.29087999999999
10532,399,621,"R2 OR18",59.04,"Newberg Wynooski OR18 WB MP 59.04",,10533,,-122.96061,45.29087999999999
10533,397,621,"R2 OR18",57.95,"Newberg Waterfront OR18 WB MP 57.95",10532,10528,,-122.97925,45.28478
10534,396,620,"R2 OR18",56.75,"Dundee 8th OR18 EB MP 56.75",10535,10530,,-122.99958999999998,45.27514999999998
10535,394,620,"R2 OR18",56.18,"Dundee Fulquartz OR18 EB MP 56.18",,10534,,-123.00905000000002,45.270679999999984
10536,404,607,"Mt. Hood",70.99,"DSR US26 @ OR216 Jct WB",10539,10346,,-121.60809,45.13250999999999
10537,403,606,"Mt. Hood",70.99,"DSR US26 @ OR216 Jct EB",10345,10538,,-121.60809,45.13250999999999
10538,406,606,"Mt. Hood",83.51,"Parkdale (2DS120) @ NB OR35 MP83.51",10537,,,-121.56578,45.517529999999994
10539,405,607,"Mt. Hood",83.51,"Parkdale (2DS120) @ SB OR35 MP83.51",,10536,,-121.56578,45.517529999999994
10540,407,607,"Mt. Hood",61.77,"Frog Lake South (2DS119) @ NB US26 MP61.77",10346,10564,,-121.70165,45.23011
10541,408,606,"Mt. Hood",61.77,"Frog Lake South (2DS119) @ SB US26 MP61.77",10565,10345,,-121.70165,45.23011
10542,409,606,"Mt. Hood",55.99,"Trillium Lake (2DS117) @ SB US26 MP55.99",10337,10348,,-121.72479,45.28413
10543,410,607,"Mt. Hood",55.99,"Trillium Lake (2DS117) @ NB US26 MP55.99",10349,10338,,-121.72479,45.28413
10544,412,617,"R2 Beltline Hwy",12.16,"Kings N St (W)",,10027,,-123.05798999999999,44.08496
10545,411,616,"R2 Beltline Hwy",12.16,"Kings N St (E)",10026,,,-123.05798999999999,44.08496
10546,413,12,US26,73.71,"Vista Ridge (2DS108) @ WB US26 MP73.71",,1112,,-122.69324000000002,45.51559999999999
10547,417,608,DS,73.71,"Vista Ridge (2DS108) @ EB US26 MP73.71 to SB I-405",1123,,,-122.69324000000002,45.51559999999999
10548,415,608,DS,73.71,"Vista Ridge (2DS108) @ EB US26 MP73.71 to NB I-405",1123,,,-122.69324000000002,45.51559999999999
10549,416,608,DS,73.71,"Vista Ridge (2DS108) @ EB US26 MP73.71 to SW Market St",1123,,,-122.69324000000002,45.51559999999999
10550,418,11,US26,72.65,"E. Zoo Interchange (2DS107) @ EB US26 MP72.65",1148,3163,,-122.71008,45.50709
10551,421,3,I-205,2.8,"Stafford Rd (2DS139) to NB I-205 MP2.8",3100,1113,,-122.71333000000001,45.37174
10552,419,12,US26,72.65,"E. Zoo Interchange (2DS107) @ WB US26 MP72.65",3181,3162,,-122.71008,45.50709
10553,420,3,I-205,3.58,"Stafford Rd (2DS138) to NB I-205 MP3.58",1113,3102,,-122.69776,45.36768999999999
10554,425,11,US26,69.77,"SW 88th (2DS144) @ EB US26 MP69.77",3180,10559,,-122.76712999999997,45.50583
10555,424,8,I-84,2.64,"39th (2DS109) @ WB I-84 MP2.64",3176,1061,,-122.6213,45.5325
10556,423,7,I-84,2.64,"39th (2DS109) @ EB I-84 MP2.64",1057,3130,,-122.6213,45.5325
10557,428,12,US26,70.16,"SW 79th (2DS106) @ WB US26 MP70.16",1092,10558,,-122.75900000000001,45.50548
10558,426,12,US26,69.77,"SW 88th (2DS144) @ WB US26 MP69.77",10557,3160,,-122.76712999999997,45.50583
10559,427,11,US26,70.16,"SW 79th (2DS106) @ EB US26 MP70.16",10554,1090,,-122.75900000000001,45.50548
10560,433,606,"Mt. Hood",49.95,"Run Away Truck Ramp (2DS114) @ EB US26 MP49.95",10569,10563,,-121.81694999999998,45.30502
10561,431,607,"Mt. Hood",49.95,"Run Away Truck Ramp (2DS114) @ WB US26 MP49.95",10562,10571,,-121.81694999999998,45.30502
10562,429,607,"Mt. Hood",51.83,"Pioneer Brindle (2DS115) @ WB US26 MP51.83",10570,10561,,-121.78977000000002,45.30599999999998
10563,430,606,"Mt. Hood",51.83,"Pioneer Brindle (2DS115) @ EB US26 MP51.83",10560,10567,,-121.78977000000002,45.30599999999998
10564,434,607,"Mt. Hood",57.8,"US26 (2DS118) @ SB OR35 MP57.80",10540,10349,,-121.71379000000002,45.28316
10565,435,606,"Mt. Hood",57.8,"US26 (2DS118) @ NB OR35 MP57.80",10348,10541,,-121.71379000000002,45.28316
10566,443,607,"Mt. Hood",53.93,"Govt Camp Loop East (2DS116) @ WB US26 MP53.93",10338,10342,,-121.74754,45.30221000000001
10567,441,606,"Mt. Hood",52.44,"Ski Bowl West (2DS140) @ EB US26 MP52.44",10563,10341,,-121.7787,45.302899999999994
10568,444,606,"Mt. Hood",53.93,"Govt Camp Loop East (2DS116) @ EB US26 MP53.93",10341,10337,,-121.74754,45.30221000000001
10569,445,606,"Mt. Hood",47.83,"USFS Rd 35 (2DS113) @ EB MP47.83",10339,10560,,-121.85443999999998,45.30693999999998
10570,442,607,"Mt. Hood",52.44,"Ski Bowl West (2DS140) @ WB US26 MP52.44",10342,10562,,-121.7787,45.302899999999994
10571,446,607,"Mt. Hood",47.83,"USFS Rd 35 (2DS113) @ WB MP47.83",10561,10340,,-121.85443999999998,45.30693999999998
10572,448,4,I-205,6.89,"N. of 10th (2DS137) @ SB I-205 MP6.89",3104,1115,,-122.64314,45.34888
10573,449,3,I-205,6.89,"N. of 10th (2DS137) @ NB I-205 MP6.89",1116,3103,,-122.64314,45.34888
10574,447,4,I-205,6.09,"S. of 10th (2DS136) @ SB I-205 MP6.09",1115,3195,,-122.65718999999999,45.34959999999999
10575,450,3,I-205,26.4,"Glenn Jackson Bridge (2DS148) @ NB I-205 MP26.4",10578,,,-122.54741999999999,45.59131
10576,464,3,I-205,8.56,"OR43 (2DS135) @ NB I-205 MP8.56",3103,1109,,-122.61450000000002,45.36029999999999
10577,451,4,I-205,2.8,"Stafford Rd (2DS139) to SB I-205 MP2",1114,3101,,-122.71333000000001,45.37174
10578,453,3,I-205,25.6,"Government Island (2DS146) @ NB I-205 MP25.6",232,10575,,-122.54405,45.583519999999986
10579,452,4,I-205,25.6,"Government Island (2DS146) @ SB I-205 MP25.6",,1049,,-122.54405,45.583519999999986
10580,454,3,I-205,23.02,"Maywood Park (2DS141) @ NB I-205 MP23.02",3164,3106,,-122.56446000000001,45.552329999999984
10581,459,4,I-205,19.92,"Division Ramp (2DS152) @ SB I-205 MP19.92",1051,10583,,-122.56514,45.50862999999998
10582,455,4,I-205,23.02,"Maywood Park (2DS141) @ SB I-205 MP23.02",3107,3105,,-122.56446000000001,45.552329999999984
10583,462,4,I-205,19.54,"Powell Ramp (2DS153) @ SB I-205 MP19.54",10581,1052,,-122.56494,45.50277
10584,456,3,I-205,21.44,"Glisan Ramp (2DS151) @ NB I-205 MP21.44",10587,3164,,-122.56505999999999,45.52837000000001
10585,458,3,I-205,19.92,"Division Ramp (2DS152) @ NB I-205 MP19.92",10588,10587,,-122.56514,45.50862999999998
10587,457,3,I-205,20.9,"Burnside (2DS145) @ NB I-205 MP20.9",10585,10584,,-122.56544999999998,45.5228
10588,461,3,I-205,19.54,"Powell Ramp (2DS153) @ NB I-205 MP19.54",1047,10585,,-122.56494,45.50277
10589,463,4,I-205,8.56,"OR43 (2DS135) @ SB I-205 MP8.56",10235,1104,,-122.61450000000002,45.36029999999999
10590,471,3,I-205,13.62,"Lawnfield (2DS154) at NB I-205 MP13.62",1043,1124,,-122.57207999999996,45.42060999999999
10591,414,11,US26,73.71,"Vista Ridge (2DS108) @ EB US26 MP73.71",3163,,,-122.69324000000002,45.51559999999999
10600,005es00824:_MS,502,"WA I-5",8.24,154th,10410,10407,,-122.65735000000001,45.732697
10601,005es00824:_MN,501,"WA I-5",8.24,154th,10403,10430,,-122.65705,45.732697
10602,500es00235:_MW,53,"SR 500",2.35,"54th Ave",10605,1646,,-122.617304,45.64799299999998
10603,500es00235:_ME,52,"SR 500",2.35,"54th Ave",1645,10604,,-122.617304,45.64785999999999
10604,500es00332:_ME,52,"SR 500",3.32,"Andresen RD",10603,1617,,-122.59790300000002,45.64956
10605,500es00332:_MW,53,"SR 500",3.32,"Andresen RD",1618,10602,,-122.598041,45.64965299999999
10606,014es00193:_MW,51,"SR 14",1.93,"MP 1.93",1600,1502,,-122.63376599999998,45.61862
10607,014es00193:_ME,50,"SR 14",1.93,"MP 1.93",1501,1599,,-122.63376599999998,45.61849999999998
10640,472,2,I-5,304.3,"Alberta (2DS149) @ SB I-5 MP304.3",1031,1032,,-122.67856,45.56063999999999
10641,474,1,I-5,302.8,"Russell (2DS150) @ NB I-5 MP302.8",3169,10379,,-122.67189999999998,45.54071
10642,473,2,I-5,302.8,"Russell (2DS150) @ SB I-5 MP302.8",1034,3121,,-122.67189999999998,45.54071
10643,475,610,DS,302.8,"Russell (2DS150) @ NB I-5 to I-405 MP302.8",10520,10524,,-122.67189999999998,45.54071
10644,487,614,"R5 I-84",226.62,"Poverty I-84 MP226.62 WB",10647,10654,,-118.55399999999997,45.589650000000006
10645,485,614,"R5 I-84",222.35,"Cabbage I-84 MP222.35 WB",10654,10649,,-118.62233,45.583330000000004
10646,481,615,"R5 I-84",239.89,"Meacham I-84 MP239.89 EB",10655,10374,,-118.40118999999999,45.47921999999998
10647,488,614,"R5 I-84",229.18,"Deadman I-84 MP229.18 WB",10650,10644,,-118.50185999999997,45.599769999999985
10648,478,615,"R5 I-84",226.62,"Poverty I-84 MP226.62 EB",,10653,,-118.55399999999997,45.589650000000006
10649,484,614,"R5 I-84",221.45,"Cabbage I-84 MP221.45 WB",10645,10651,,-118.61095999999998,45.591089999999994
10650,490,614,"R5 I-84",239.89,"Meacham I-84 MP239.89 WB",10375,10647,,-118.40118999999999,45.47921999999998
10651,483,614,"R5 I-84",220.83,"Cabbage I-84 MP220.83 WB",10649,10652,,-118.61732000000002,45.59541999999999
10652,482,614,"R5 I-84",219.61,"Mission I-84 MP219.61 WB",10651,,,-118.63999000000001,45.60158999999998
10653,479,615,"R5 I-84",229.18,"Deadman I-84 MP229.18 EB",10648,10655,,-118.50185999999997,45.599769999999985
10654,486,614,"R5 I-84",223.52,"Cabbage I-84 MP223.52 WB",10644,10645,,-118.59933,45.585689999999985
10655,480,615,"R5 I-84",237.1,"Meacham I-84 MP237.10 EB",10653,10646,,-118.43252999999999,45.51321999999999
10656,493,612,Construction,133.25,"US97 Construction Zone SB",,10326,,,
10657,494,612,Construction,133.25,"US97 Construction Zone NB",,10326,,,
10658,497,612,Construction,0,"US20 at Cooley Rd WB",10656,,,,
10659,496,612,Construction,0,"US20 at Cooley Rd EB",10656,,,,
10660,498,617,"R2 Beltline Hwy",10.1,"Delta Hwy (W)",10027,10028,,,
10661,509,2,I-5,283.42,"SB Wilsonville Rd (2DS184) @ SB I-5 MP283.42",10665,,,-122.76970999999999,45.29625000000001
10662,507,1,I-5,284.19,"NB Wilsonville Rd (2DS183) @ NB I-5 MP284.19",10671,3165,,,
10663,501,2,I-5,286.25,"EB Elligsen Loop (2DS180) @ SB I-5 MP286.25",3192,10668,,-122.7689,45.33730999999999
10664,504,1,I-5,286.07,"WB Elligsen Loop (2DS181) @ NB I-5 MP286.07",10670,10666,,-122.76980999999998,45.33444
10665,508,2,I-5,284.19,"NB Wilsonville Rd (2DS183) @ SB I-5 MP284.19",3113,10661,,,
10666,500,1,I-5,286.25,"EB Elligsen Loop (2DS180) @ NB I-5 MP286.25",10664,10667,,-122.7689,45.33730999999999
10667,499,1,I-5,286.56,"WB Elligsen Slip (2DS179) @ NB I-5 MP286.56",10666,3191,,-122.76820999999997,45.34185000000001
10668,503,2,I-5,286.07,"WB Elligsen Loop (2DS181) @ SB I-5 MP286.07",10663,10669,,-122.76980999999998,45.33444
10669,505,2,I-5,285.78,"SB Elligsen Slip (2DS182) @ SB I-5 MP285.78",10668,3113,,-122.76975999999999,45.330460000000016
10670,506,1,I-5,285.78,"SB Elligsen Slip (2DS182) @ NB I-5 MP285.78",3165,10664,,-122.76975999999999,45.330460000000016
10671,510,1,I-5,283.42,"SB Wilsonville Rd (2DS184) @ NB I-5 MP283.42",,10662,,-122.76970999999999,45.29625000000001
10695,500es00480:_ME,52,"SR 500",4.8,I-205,1617,10716,,-122.57017999999995,45.656994
10696,500es00480:_MW,53,"SR 500",4.8,I-205,10717,1618,,-122.57030899999998,45.657115999999995
10697,205es03110:_MN,54,"WA I-205",31.11,"SR-500 NB On Rmp",10401,1639,,-122.57299299999995,45.659396999999984
10698,205es02886:_MN,54,"WA I-205",28.85,"9th St NB",10713,10413,,-122.55924,45.628556
10699,014es01670:_ME,50,"SR 14",16.7,27th,1637,,,-122.34416099999999,45.574844
10700,014es01670:_MW,51,"SR 14",16.7,27th,,1638,,-122.344166,45.574876
10701,005es00042:_MS,502,"WA I-5",0.42,SR14,1583,10715,,-122.67125399999998,45.623488999999985
10702,005es00042:_MN,501,"WA I-5",0.42,SR14,10714,10704,,-122.67111699999997,45.623363
10703,005es00164:_MS,502,"WA I-5",1.64,"North of 4th Pln",10708,1583,,-122.662032,45.63952099999999
10704,005es00164:_MN,501,"WA I-5",1.64,"North of 4th Pln",10702,10707,,-122.661788,45.63953199999999
10705,005es00297:_MS,502,"WA I-5",2.97,"Main St",10711,1507,,-122.66512300000001,45.65825099999999
10706,005es00297:_MN,501,"WA I-5",2.97,"Main St",1508,10712,,-122.66496300000001,45.65847899999999
10707,005es00209:_MN,501,"WA I-5",2.09,SR500,10704,1627,,-122.661659,45.64608
10708,005es00209:_MS,502,"WA I-5",2.09,SR500,1628,10703,,-122.661906,45.64600399999998
10709,205es02984:_MS,55,"WA I-205",29.84,"Burton Rd",10396,10406,,-122.56393100000001,45.64240699999998
10710,205es02984:_MN,54,"WA I-205",29.84,"Burton Rd",10413,10446,,-122.56331599999997,45.642592
10711,005es00325:_MS,502,"WA I-5",3.25,"Main St North",1553,10705,,-122.66684999999997,45.662503999999984
10712,005es00325:_MN,501,"WA I-5",3.25,"Main St North",10706,1552,,-122.66660599999997,45.662522999999986
10713,205es02869:_MN,54,"WA I-205",28.69,"Mill Pln NB Ramp",10388,10698,,-122.559709,45.62619000000001
10714,005es00032:_MN,501,"WA I-5",0.32,InterstateBrdg,,10702,,-122.67245,45.622243
10715,005es00032:_MS,502,"WA I-5",0.32,InterstateBrdg,10701,,,-122.67274500000002,45.622354
10716,500es00546:_ME,52,"SR 500",5.46,"112th Ave",10695,10432,,-122.55834699999998,45.66185599999999
10717,500es00546:_MW,53,"SR 500",5.46,"112th Ave",10399,10696,,-122.55844799999998,45.66197099999999
