start_time,volume lane1,volume lane2,volume lane3,volume ramp1,speed lane1,speed lane2,speed lane3
2022-06-06 00:00:00-07:00,165,240,29,869,62.03,63.4,42.86
2022-06-06 01:00:00-07:00,121,188,24,993,61.87,62.1,42.08
2022-06-06 02:00:00-07:00,86,124,10,719,61.97,61.19,46.1
2022-06-06 03:00:00-07:00,107,149,25,986,60.74,62.25,36.44
2022-06-06 04:00:00-07:00,353,336,35,989,62.35,64.01,53.71
2022-06-06 05:00:00-07:00,1354,895,91,1086,60.95,62.72,52.55
2022-06-06 06:00:00-07:00,1414,1080,165,1187,61.04,61.74,46.34
2022-06-06 07:00:00-07:00,1561,1622,281,1288,60.47,58.13,50.08
2022-06-06 08:00:00-07:00,1499,1549,268,1258,60.11,55.94,53.28
2022-06-06 09:00:00-07:00,1224,1303,251,1114,59.61,58.11,49.41
2022-06-06 10:00:00-07:00,1288,1322,264,1248,61.22,57.43,52.35
2022-06-06 11:00:00-07:00,1262,1349,306,1234,61.07,58.85,53.13
2022-06-06 12:00:00-07:00,1363,1506,323,1250,60.11,59.18,50.88
2022-06-06 13:00:00-07:00,1375,1445,328,1155,60.3,58.8,51.27
2022-06-06 14:00:00-07:00,1471,1597,362,1116,59.05,56.81,47.26
2022-06-06 15:00:00-07:00,1572,1718,323,1133,53.53,47.21,40.7
2022-06-06 16:00:00-07:00,1602,1730,248,1303,42.12,36.3,31.25
2022-06-06 17:00:00-07:00,1577,1731,227,1368,36.05,29.29,24.85
2022-06-06 18:00:00-07:00,1272,1478,280,1248,59.25,56.48,47.18
2022-06-06 19:00:00-07:00,983,1158,202,1220,63.32,62.78,52.86
2022-06-06 20:00:00-07:00,762,929,167,1138,62.86,60.24,52.44
2022-06-06 21:00:00-07:00,596,703,113,1065,63.09,61.66,47.81
2022-06-06 22:00:00-07:00,472,540,74,1082,60.39,60.91,43.63
2022-06-06 23:00:00-07:00,321,385,53,991,61.72,62.36,47.78
2022-06-07 00:00:00-07:00,207,251,21,1133,61.72,62.89,43.53
2022-06-07 01:00:00-07:00,113,151,12,983,62.42,63.21,51.83
2022-06-07 02:00:00-07:00,109,165,16,849,61.83,61.53,38.37
2022-06-07 03:00:00-07:00,142,152,31,1206,59.55,62.42,46.74
2022-06-07 04:00:00-07:00,369,313,43,1305,63.92,62.83,56
2022-06-07 05:00:00-07:00,1382,954,122,1219,62.82,63.22,51.77
2022-06-07 06:00:00-07:00,1437,1184,194,1167,61.3,61.55,51.06
2022-06-07 07:00:00-07:00,1564,1599,278,1123,56.53,52.94,45.53
2022-06-07 08:00:00-07:00,1481,1638,328,1276,58.54,56.88,49.56
2022-06-07 09:00:00-07:00,1344,1449,251,1104,59.09,57.71,47.23
2022-06-07 10:00:00-07:00,1353,1439,268,1211,57.48,56.53,48.66
2022-06-07 11:00:00-07:00,1204,1312,267,1098,59.88,56.03,49.92
2022-06-07 12:00:00-07:00,1350,1487,291,1229,61.28,56.79,52.56
2022-06-07 13:00:00-07:00,1322,1535,299,1236,57.08,54.89,47.32
2022-06-07 14:00:00-07:00,1442,1592,297,1179,55.77,54.14,45.72
2022-06-07 15:00:00-07:00,1554,1710,318,1277,50.72,45.41,41.33
2022-06-07 16:00:00-07:00,1503,1621,250,1323,34.79,26.97,25.75
2022-06-07 17:00:00-07:00,1609,1684,250,1368,33.14,24.76,23.51
2022-06-07 18:00:00-07:00,1388,1566,268,1289,48.41,45.16,41.6
2022-06-07 19:00:00-07:00,1095,1217,264,1061,63.22,61.16,50.65
2022-06-07 20:00:00-07:00,833,1002,226,1096,63.57,61.08,53.31
2022-06-07 21:00:00-07:00,684,793,158,1099,61.51,62.01,51.2
2022-06-07 22:00:00-07:00,551,591,79,996,61.9,62.49,51.15
2022-06-07 23:00:00-07:00,358,391,48,1051,61.47,61.51,51.54
2022-06-08 00:00:00-07:00,197,253,21,958,61.77,63.2,49.95
2022-06-08 01:00:00-07:00,161,182,24,903,61.46,61.83,51.71
2022-06-08 02:00:00-07:00,128,149,12,805,62.44,62.16,44.67
2022-06-08 03:00:00-07:00,131,164,30,892,62.17,59.84,46.9
2022-06-08 04:00:00-07:00,362,320,40,958,62.92,63.65,46.65
2022-06-08 05:00:00-07:00,1373,931,118,968,58.77,60.12,47.22
2022-06-08 06:00:00-07:00,1437,1165,173,1156,61.04,61.73,49.54
2022-06-08 07:00:00-07:00,1563,1601,265,1235,59.19,57.57,49.2
2022-06-08 08:00:00-07:00,1482,1617,273,1172,60.05,54.61,50.23
2022-06-08 09:00:00-07:00,1412,1457,236,1177,52.62,47.46,42.87
2022-06-08 10:00:00-07:00,1379,1425,237,1118,55.92,54.63,46.27
2022-06-08 11:00:00-07:00,1329,1453,294,1186,56.36,55.72,44.13
2022-06-08 12:00:00-07:00,1352,1493,333,1242,58.16,56.64,46.44
2022-06-08 13:00:00-07:00,1369,1514,321,1204,58.91,57.73,50.58
2022-06-08 14:00:00-07:00,1428,1648,289,1267,52.99,46.49,43.05
2022-06-08 15:00:00-07:00,1566,1746,289,1350,42.7,36.09,32.71
2022-06-08 16:00:00-07:00,1536,1678,237,1312,31.93,24.03,21.34
2022-06-08 17:00:00-07:00,1557,1687,247,1361,35.45,27.41,25.52
2022-06-08 18:00:00-07:00,1392,1518,262,1249,45.34,39.68,33.41
2022-06-08 19:00:00-07:00,1096,1306,225,1202,61.97,60.59,50.36
2022-06-08 20:00:00-07:00,907,1094,209,1105,63.04,60.54,51.5
2022-06-08 21:00:00-07:00,788,909,153,1104,61.77,61.2,52.05
2022-06-08 22:00:00-07:00,497,683,73,1065,63.08,60.42,49.45
2022-06-08 23:00:00-07:00,382,473,45,1000,62.83,61.85,46.91
2022-06-09 00:00:00-07:00,173,349,18,891,59.69,60.91,50.39
2022-06-09 01:00:00-07:00,164,222,10,812,61.41,62.82,57.5
2022-06-09 02:00:00-07:00,111,132,15,921,61.21,60.86,43
2022-06-09 03:00:00-07:00,132,85,24,979,56.8,59.39,53.79
2022-06-09 04:00:00-07:00,366,339,34,1029,62.5,62.93,51.74
2022-06-09 05:00:00-07:00,1353,911,114,1072,61.84,62.71,54.24
2022-06-09 06:00:00-07:00,1433,1165,145,1146,60.91,60.27,47.99
2022-06-09 07:00:00-07:00,1539,1549,322,1250,60.6,58.85,51.8
2022-06-09 08:00:00-07:00,1469,1572,283,1237,58.95,57.51,51.3
2022-06-09 09:00:00-07:00,1347,1476,271,1217,56.84,56.39,48.19
2022-06-09 10:00:00-07:00,1329,1334,249,1229,57.96,57.07,49.56
2022-06-09 11:00:00-07:00,1371,1385,294,1301,55.51,52.96,49.33
2022-06-09 12:00:00-07:00,1456,1533,253,1223,57.91,53.55,49.76
2022-06-09 13:00:00-07:00,1453,1621,262,1208,56.07,51.9,43.98
2022-06-09 14:00:00-07:00,1473,1612,310,1233,56.44,51.88,47.28
2022-06-09 15:00:00-07:00,1555,1695,329,1347,46.11,42.38,38.27
2022-06-09 16:00:00-07:00,1599,1763,259,1334,40.35,35.6,30.59
2022-06-09 17:00:00-07:00,1514,1600,242,1417,32.79,25.55,22.36
2022-06-09 18:00:00-07:00,1343,1519,236,1349,43.78,39.34,41.88
2022-06-09 19:00:00-07:00,1075,1330,241,1123,57.41,56.31,50.58
2022-06-09 20:00:00-07:00,870,1065,206,1104,62.19,58.3,53.6
2022-06-09 21:00:00-07:00,742,863,149,1085,60.85,60.43,51.22
2022-06-09 22:00:00-07:00,556,655,93,1102,60.83,60.85,50.14
2022-06-09 23:00:00-07:00,334,444,61,1048,60.67,61.44,51.74
2022-06-10 00:00:00-07:00,221,269,27,,60.93,60.91,51.11
2022-06-10 01:00:00-07:00,151,176,10,785,60.61,59.88,57
2022-06-10 02:00:00-07:00,125,163,27,878,60.23,57.85,55.11
2022-06-10 03:00:00-07:00,122,147,24,1000,59.52,59.06,36.12
2022-06-10 04:00:00-07:00,324,283,34,979,62.4,63.05,53.5
2022-06-10 05:00:00-07:00,1146,783,103,1068,61.68,63.46,50.62
2022-06-10 06:00:00-07:00,1240,1029,180,1215,61.55,61.71,53.91
2022-06-10 07:00:00-07:00,1491,1545,282,1342,60.28,58.22,52.53
2022-06-10 08:00:00-07:00,1366,1487,306,1240,59.65,58.85,49.84
2022-06-10 09:00:00-07:00,1318,1349,285,1149,58.76,58.22,51.25
2022-06-10 10:00:00-07:00,1301,1362,275,1154,61.15,57.45,51.51
2022-06-10 11:00:00-07:00,1374,1524,320,1230,59.33,56.49,51.12
2022-06-10 12:00:00-07:00,1371,1533,359,1325,58.08,55.98,46.11
2022-06-10 13:00:00-07:00,1397,1630,338,1261,51.58,47.4,41.72
2022-06-10 14:00:00-07:00,1360,1489,290,1403,34.78,25.54,24.41
2022-06-10 15:00:00-07:00,1397,1503,252,1257,30.1,22.25,21.62
2022-06-10 16:00:00-07:00,1431,1527,234,1287,29.28,22.5,19.58
2022-06-10 17:00:00-07:00,1430,1477,254,1335,28.93,21.2,22.07
2022-06-10 18:00:00-07:00,1265,1381,253,1352,33.57,27.33,26.75
2022-06-10 19:00:00-07:00,1163,1404,217,1255,55.72,54.49,48.07
2022-06-10 20:00:00-07:00,990,1118,208,1211,57.9,56.83,43.71
2022-06-10 21:00:00-07:00,836,969,167,1152,57.18,55.44,43.88
2022-06-10 22:00:00-07:00,627,784,130,1190,59.58,57.9,50.35
2022-06-10 23:00:00-07:00,515,621,66,1109,58.34,58.06,49.02
2022-06-11 00:00:00-07:00,379,411,46,1089,59.39,59.16,48.09
2022-06-11 01:00:00-07:00,267,273,39,985,59.33,60.31,48.82
2022-06-11 02:00:00-07:00,177,247,21,925,60.64,61.74,53.38
2022-06-11 03:00:00-07:00,155,186,17,886,60.45,62.29,56.35
2022-06-11 04:00:00-07:00,182,217,24,983,62.22,63.02,46.87
2022-06-11 05:00:00-07:00,490,367,65,1060,63.48,64.25,50
2022-06-11 06:00:00-07:00,509,451,73,1095,64.59,63.6,47.93
2022-06-11 07:00:00-07:00,750,624,119,1052,63.22,62.13,51.54
2022-06-11 08:00:00-07:00,935,899,173,1141,59.51,59.81,49.2
2022-06-11 09:00:00-07:00,1157,1047,274,1252,62.73,62.39,51.18
2022-06-11 10:00:00-07:00,1368,1408,313,1226,63.09,59.97,53.21
2022-06-11 11:00:00-07:00,1445,1579,334,1333,62.34,59.23,52.81
2022-06-11 12:00:00-07:00,1452,1662,389,1261,61.29,57.34,53.2
2022-06-11 13:00:00-07:00,1507,1709,322,1245,58.09,54.39,47.35
2022-06-11 14:00:00-07:00,1465,1589,297,1180,45.5,38.79,35.91
2022-06-11 15:00:00-07:00,1493,1622,316,1214,60.26,57.37,53.91
2022-06-11 16:00:00-07:00,1442,1608,323,1276,58.3,55.54,47.6
2022-06-11 17:00:00-07:00,1375,1553,312,1207,63.3,59.01,54
2022-06-11 18:00:00-07:00,1349,1518,292,1250,61.97,59.83,50.41
2022-06-11 19:00:00-07:00,1165,1324,244,1186,60.54,58.74,49.52
2022-06-11 20:00:00-07:00,1029,1124,169,1157,60.46,59.77,49.31
2022-06-11 21:00:00-07:00,838,945,153,1087,60.61,60.81,52.82
2022-06-11 22:00:00-07:00,677,771,125,1113,61.97,60.25,55.72
2022-06-11 23:00:00-07:00,501,558,69,1000,63.24,61.65,59.2
2022-06-12 00:00:00-07:00,390,434,36,1014,61.83,63.09,46.97
2022-06-12 01:00:00-07:00,279,281,41,1013,63.14,63.05,49.95
2022-06-12 02:00:00-07:00,206,255,25,968,62.16,62.95,48.28
2022-06-12 03:00:00-07:00,157,181,17,843,61.98,63.22,60.53
2022-06-12 04:00:00-07:00,140,141,14,898,61.97,63.36,46.07
2022-06-12 05:00:00-07:00,217,221,31,1147,62.82,64.01,51.29
2022-06-12 06:00:00-07:00,391,346,51,1042,64.48,64.43,53.59
2022-06-12 07:00:00-07:00,482,516,76,1045,65.16,63.22,55.27
2022-06-12 08:00:00-07:00,600,659,112,1032,64.58,62.66,55.36
2022-06-12 09:00:00-07:00,803,903,173,1155,63.12,62.03,46.11
2022-06-12 10:00:00-07:00,1015,1175,261,1268,61.71,60.52,49.37
2022-06-12 11:00:00-07:00,1111,1347,289,1302,60.17,59.06,45.94
2022-06-12 12:00:00-07:00,1285,1500,289,1331,54.79,50.12,41.43
2022-06-12 13:00:00-07:00,1373,1530,303,1279,61.55,57.44,51.98
2022-06-12 14:00:00-07:00,1257,1471,287,1243,59.48,56.25,48.69
2022-06-12 15:00:00-07:00,1415,1501,325,1222,60.83,59.76,52.61
2022-06-12 16:00:00-07:00,1289,1493,254,1195,61.37,59.58,49.23
2022-06-12 17:00:00-07:00,1322,1491,320,1221,61.87,60.33,53.1
2022-06-12 18:00:00-07:00,1193,1311,251,1142,63.48,60.65,52.5
2022-06-12 19:00:00-07:00,1051,1165,209,1120,63.62,61.83,57.19
2022-06-12 20:00:00-07:00,809,967,126,1115,63.64,61.34,50.74
2022-06-12 21:00:00-07:00,682,746,123,1162,62.57,62.41,55.01
2022-06-12 22:00:00-07:00,490,576,69,1125,62,63.23,56.36
2022-06-12 23:00:00-07:00,348,433,52,1065,62.51,63.85,43.39
2022-06-13 00:00:00-07:00,201,246,21,841,63.53,62.5,40.9
2022-06-13 01:00:00-07:00,133,184,20,924,62.69,62.85,47.35
2022-06-13 02:00:00-07:00,110,130,17,984,62.49,63.35,59.18
2022-06-13 03:00:00-07:00,123,144,23,1129,61.66,61.09,53
2022-06-13 04:00:00-07:00,351,332,39,1051,62.63,64.11,48.41
2022-06-13 05:00:00-07:00,1374,933,116,1363,62.35,63.59,53.89
2022-06-13 06:00:00-07:00,1320,1073,194,1359,62.6,62.05,54.31
2022-06-13 07:00:00-07:00,1584,1531,317,1399,60.45,57.89,50.12
2022-06-13 08:00:00-07:00,1411,1523,295,1316,60.27,57.18,49.9
2022-06-13 09:00:00-07:00,1256,1328,298,1235,60.65,58.57,52.38
2022-06-13 10:00:00-07:00,1251,1297,274,1209,60.67,60.07,51.2
2022-06-13 11:00:00-07:00,1307,1392,293,1181,60.18,59.22,51.73
2022-06-13 12:00:00-07:00,1245,1340,308,1262,61.38,58.81,54.68
2022-06-13 13:00:00-07:00,1223,1379,269,1113,60,54.95,49.67
2022-06-13 14:00:00-07:00,1378,1612,311,1327,49.69,42.76,39.9
2022-06-13 15:00:00-07:00,1546,1732,263,1300,48.52,41.44,34.39
2022-06-13 16:00:00-07:00,1560,1737,225,1334,36.76,28.16,25.37
2022-06-13 17:00:00-07:00,1572,1714,293,1296,48.45,43.11,39.81
2022-06-13 18:00:00-07:00,1324,1462,301,1256,62.28,59.6,53.7
2022-06-13 19:00:00-07:00,954,1128,230,1135,64.65,61.36,55.43
2022-06-13 20:00:00-07:00,754,953,159,1096,63.75,63.09,48.48
2022-06-13 21:00:00-07:00,632,752,141,1129,62.29,62.07,49.4
2022-06-13 22:00:00-07:00,485,533,84,1137,60.81,61.91,52.1
2022-06-13 23:00:00-07:00,265,328,32,1044,60.97,61.66,50.69
2022-06-14 00:00:00-07:00,192,263,22,1037,62.19,62.98,50.27
2022-06-14 01:00:00-07:00,130,166,10,757,61.38,61.86,59.3
2022-06-14 02:00:00-07:00,80,157,18,1001,61.97,61.51,58.06
2022-06-14 03:00:00-07:00,131,155,26,1088,60.05,61.2,49.96
2022-06-14 04:00:00-07:00,384,336,41,1024,61.86,63.75,52.07
2022-06-14 05:00:00-07:00,1373,941,127,1118,61.41,62.48,50.72
2022-06-14 06:00:00-07:00,1327,1113,185,1274,60.71,58.19,52.49
2022-06-14 07:00:00-07:00,1570,1564,285,1308,58.15,55.8,47.75
2022-06-14 08:00:00-07:00,1290,1457,340,1302,61.94,56.19,53.12
2022-06-14 09:00:00-07:00,1419,1510,265,1255,59.41,57.9,49.35
2022-06-14 10:00:00-07:00,1342,1399,250,1175,60.15,59.39,48.92
2022-06-14 11:00:00-07:00,1268,1479,300,1288,61.18,57.78,51.79
2022-06-14 12:00:00-07:00,1299,1456,331,1236,62.6,56.08,52.63
2022-06-14 13:00:00-07:00,1390,1548,349,1376,60.54,57.86,53.36
2022-06-14 14:00:00-07:00,1480,1723,331,1282,58.47,55.55,45.89
2022-06-14 15:00:00-07:00,1634,1729,286,1273,42.68,34.02,32.29
2022-06-14 16:00:00-07:00,1564,1685,299,1398,34.98,26.99,25.09
2022-06-14 17:00:00-07:00,1623,1691,280,1406,35.54,26.96,25.62
2022-06-14 18:00:00-07:00,1375,1496,268,1246,54.95,52.03,47.83
2022-06-14 19:00:00-07:00,1073,1239,251,1173,63.3,60.71,53.36
2022-06-14 20:00:00-07:00,886,1019,197,1158,63.78,61.19,49.56
2022-06-14 21:00:00-07:00,686,754,148,1154,62.51,62.47,55.86
2022-06-14 22:00:00-07:00,528,566,88,1050,62.11,62.66,57.22
2022-06-14 23:00:00-07:00,417,415,48,1070,61.12,60.55,50.56
2022-06-15 00:00:00-07:00,220,266,27,943,61.76,61.95,59.55
2022-06-15 01:00:00-07:00,129,181,21,1008,58.62,62.44,46.81
2022-06-15 02:00:00-07:00,91,122,18,1085,60.76,64.03,59.17
2022-06-15 03:00:00-07:00,140,174,26,1085,62.19,62.35,46.42
2022-06-15 04:00:00-07:00,387,318,37,1077,62.33,63.58,55
2022-06-15 05:00:00-07:00,1424,987,143,1291,62.48,62.6,50.64
2022-06-15 06:00:00-07:00,1466,1228,193,1307,62.29,60.2,51.78
2022-06-15 07:00:00-07:00,1623,1547,280,1421,55.45,51.43,47.83
2022-06-15 08:00:00-07:00,1471,1640,227,1288,53.63,45.06,38.78
2022-06-15 09:00:00-07:00,1413,1459,237,1259,55.42,53.58,42.03
2022-06-15 10:00:00-07:00,1362,1421,188,1216,53.82,49.65,34.08
2022-06-15 11:00:00-07:00,1388,1422,218,1227,55.31,50.52,40.42
2022-06-15 12:00:00-07:00,1397,1525,272,1317,58.78,54.79,45.78
2022-06-15 13:00:00-07:00,1290,1438,244,1196,58.99,54.56,44.56
2022-06-15 14:00:00-07:00,1416,1582,323,1236,58.36,54.72,49.07
2022-06-15 15:00:00-07:00,1647,1750,326,1316,45.59,40.71,34.7
2022-06-15 16:00:00-07:00,1555,1686,277,1439,35.57,29.53,24.74
2022-06-15 17:00:00-07:00,1566,1688,260,1371,33.81,27.37,23.8
2022-06-15 18:00:00-07:00,1339,1503,328,1303,54.34,51.28,47.32
2022-06-15 19:00:00-07:00,1153,1280,230,1144,63.64,62,52.79
2022-06-15 20:00:00-07:00,892,1062,189,1091,64.04,60.16,56.18
2022-06-15 21:00:00-07:00,764,865,157,1110,61.84,61.88,52.47
2022-06-15 22:00:00-07:00,527,595,96,1056,62.21,62.59,51.91
2022-06-15 23:00:00-07:00,382,433,50,1028,62.38,62.99,47.34
2022-06-16 00:00:00-07:00,237,306,17,872,62.38,62.58,56.41
2022-06-16 01:00:00-07:00,137,176,14,947,59.6,62.18,49.43
2022-06-16 02:00:00-07:00,104,155,16,955,61.91,61.41,46.12
2022-06-16 03:00:00-07:00,124,146,19,799,60.35,60.55,41.58
2022-06-16 04:00:00-07:00,355,336,37,943,62.52,63.95,56.11
2022-06-16 05:00:00-07:00,1404,914,126,1153,62.17,63.69,53.43
2022-06-16 06:00:00-07:00,1438,1176,178,1200,62.4,61.92,51.56
2022-06-16 07:00:00-07:00,1571,1676,327,1341,61.02,58.08,53.35
2022-06-16 08:00:00-07:00,1500,1604,312,1348,60.09,56.27,51.27
2022-06-16 09:00:00-07:00,1399,1452,266,1272,56.91,54.19,50.11
2022-06-16 10:00:00-07:00,1271,1386,290,1147,56.86,55.01,48.79
2022-06-16 11:00:00-07:00,1423,1538,260,1179,57.11,55.72,44.8
2022-06-16 12:00:00-07:00,1379,1472,345,1257,59.64,58.59,50.6
2022-06-16 13:00:00-07:00,1402,1551,328,1262,59.07,56.66,51.82
2022-06-16 14:00:00-07:00,1515,1699,356,1287,54.4,49.96,44.09
2022-06-16 15:00:00-07:00,1556,1652,290,1360,38.93,32.32,31.39
2022-06-16 16:00:00-07:00,1566,1668,280,1443,33.35,27.59,24.82
2022-06-16 17:00:00-07:00,1535,1654,253,1394,32.62,26.91,23.84
2022-06-16 18:00:00-07:00,1447,1545,264,1227,44.56,39.69,36.34
2022-06-16 19:00:00-07:00,1203,1368,253,1126,62.97,61.88,50.11
2022-06-16 20:00:00-07:00,950,1108,190,1142,62.68,61.09,53.78
2022-06-16 21:00:00-07:00,788,930,156,1067,61.08,60.55,50.87
2022-06-16 22:00:00-07:00,580,673,81,1068,61.77,62.48,51.17
2022-06-16 23:00:00-07:00,385,441,55,1129,62.31,61.22,50.23
2022-06-17 00:00:00-07:00,238,268,25,1031,58.36,60.69,56.84
2022-06-17 01:00:00-07:00,179,218,21,904,59.87,60.59,56.52
2022-06-17 02:00:00-07:00,135,165,19,994,60.61,59.95,46.84
2022-06-17 03:00:00-07:00,127,192,25,1060,61.44,62.25,51.28
2022-06-17 04:00:00-07:00,303,267,28,1069,62.98,63.46,57.14
2022-06-17 05:00:00-07:00,1131,793,101,1101,62.8,64.25,53.32
2022-06-17 06:00:00-07:00,1301,1041,151,1211,60.39,61.04,50.23
2022-06-17 07:00:00-07:00,1594,1534,310,1440,59.77,56.2,51.47
2022-06-17 08:00:00-07:00,1409,1393,283,1275,56.71,54.63,48.34
2022-06-17 09:00:00-07:00,1330,1395,263,1338,59.02,56.75,49.62
2022-06-17 10:00:00-07:00,1252,1256,239,1245,58.01,56.44,48.8
2022-06-17 11:00:00-07:00,1303,1607,330,1518,56.94,55.73,35.58
2022-06-17 12:00:00-07:00,1379,1562,335,1373,56.29,53.15,44.79
2022-06-17 13:00:00-07:00,1416,1632,302,1392,51.8,46.69,40.01
2022-06-17 14:00:00-07:00,1472,1567,204,1287,36.46,30.36,28.48
2022-06-17 15:00:00-07:00,1591,1688,286,1296,36.36,30.31,28.55
2022-06-17 16:00:00-07:00,1500,1563,250,1423,31.57,24.71,23.34
2022-06-17 17:00:00-07:00,1431,1516,226,1344,29.42,22.46,21.56
2022-06-17 18:00:00-07:00,1483,1587,237,1331,38.4,32.57,30.32
2022-06-17 19:00:00-07:00,1234,1418,257,1175,61.67,60.45,51.24
2022-06-17 20:00:00-07:00,1001,1153,223,1108,63.22,60.6,52.76
2022-06-17 21:00:00-07:00,821,938,183,1061,61.8,61.01,52.32
2022-06-17 22:00:00-07:00,747,814,104,1072,61.36,60.72,56.56
2022-06-17 23:00:00-07:00,481,574,64,1067,59.68,58.21,43.96
2022-06-18 00:00:00-07:00,326,380,50,975,61.92,61.5,52.72
2022-06-18 01:00:00-07:00,274,264,29,1040,61.62,62.93,50.03
2022-06-18 02:00:00-07:00,185,244,25,929,61.88,63.04,51.96
2022-06-18 03:00:00-07:00,152,185,16,851,61.22,61.62,39.13
2022-06-18 04:00:00-07:00,171,201,24,1036,61.66,62.95,40.17
2022-06-18 05:00:00-07:00,430,354,51,1083,64.84,63.99,55.65
2022-06-18 06:00:00-07:00,678,535,97,1099,63.69,62.74,49.42
2022-06-18 07:00:00-07:00,970,711,119,1134,61.43,61.87,48.39
2022-06-18 08:00:00-07:00,1087,955,210,1167,63.66,63.36,49.28
2022-06-18 09:00:00-07:00,1184,1080,238,1154,63.79,62.94,51.99
2022-06-18 10:00:00-07:00,1388,1301,286,1155,59.84,59.3,52.9
2022-06-18 11:00:00-07:00,1460,1565,301,1282,59.38,55.47,50.64
2022-06-18 12:00:00-07:00,1405,1573,339,1212,61.43,57.3,50.32
2022-06-18 13:00:00-07:00,1530,1672,371,1211,59.57,56.61,50.4
2022-06-18 14:00:00-07:00,1429,1568,304,1212,40.38,31.5,34.83
2022-06-18 15:00:00-07:00,1509,1665,342,1061,56.06,51.94,46.73
2022-06-18 16:00:00-07:00,1405,1586,336,1161,59.14,56.43,51.36
2022-06-18 17:00:00-07:00,1352,1575,326,1208,60.77,59.02,50.96
2022-06-18 18:00:00-07:00,1236,1426,260,1129,62.82,60.27,52.58
2022-06-18 19:00:00-07:00,1107,1224,210,1093,64.06,61.46,54.42
2022-06-18 20:00:00-07:00,969,1109,178,1071,63.46,62.03,53.41
2022-06-18 21:00:00-07:00,837,940,152,1036,62.19,62.36,54.16
2022-06-18 22:00:00-07:00,751,796,122,1063,61.74,62.73,55.36
2022-06-18 23:00:00-07:00,564,632,83,1034,62.61,63.1,53.66
2022-06-19 00:00:00-07:00,381,458,44,902,62.81,63.03,61.43
2022-06-19 01:00:00-07:00,238,302,31,906,61.93,63.04,50.26
2022-06-19 02:00:00-07:00,215,233,22,953,62.95,62.03,54.64
2022-06-19 03:00:00-07:00,138,164,14,888,60.79,61.56,55.29
2022-06-19 04:00:00-07:00,75,88,10,598,62.96,62.51,55.4
2022-06-19 05:00:00-07:00,204,201,28,843,63.73,65.82,44.18
2022-06-19 06:00:00-07:00,367,337,44,870,66.03,64.17,57.5
2022-06-19 07:00:00-07:00,519,482,84,1022,65.7,64.49,50.71
2022-06-19 08:00:00-07:00,704,634,135,1125,66.01,65.08,58.24
2022-06-19 09:00:00-07:00,915,854,182,1059,64.42,63.41,53.38
2022-06-19 10:00:00-07:00,1186,1134,268,1248,64.34,63.98,54.54
2022-06-19 11:00:00-07:00,1347,1349,320,1258,62.43,61.8,53.94
2022-06-19 12:00:00-07:00,1429,1554,348,1196,60.99,58.91,50.9
2022-06-19 13:00:00-07:00,1394,1532,353,1265,61,58.96,53.7
2022-06-19 14:00:00-07:00,1440,1657,342,1178,61.5,57.99,52.63
2022-06-19 15:00:00-07:00,1429,1606,280,1112,62.04,59.42,50.77
2022-06-19 16:00:00-07:00,1283,1549,290,1239,59.35,55.72,49.54
2022-06-19 17:00:00-07:00,1287,1463,239,1211,61.01,59.62,49.07
2022-06-19 18:00:00-07:00,1264,1342,254,1182,63.24,62.25,52.92
2022-06-19 19:00:00-07:00,1042,1191,223,1158,63.62,62.2,53.05
2022-06-19 20:00:00-07:00,891,1004,138,1046,62.13,61.47,49.13
2022-06-19 21:00:00-07:00,705,823,132,990,62.5,60.38,52.73
2022-06-19 22:00:00-07:00,503,602,79,953,62.26,62.03,55.93
2022-06-19 23:00:00-07:00,353,446,49,891,62.75,62.17,50.53
2022-06-20 00:00:00-07:00,206,265,28,983,61.89,62.78,57.36
2022-06-20 01:00:00-07:00,158,186,14,626,59.63,62.71,47.72
2022-06-20 02:00:00-07:00,104,139,20,923,61.58,62.51,57.75
2022-06-20 03:00:00-07:00,112,158,19,862,61.86,60.68,47.89
2022-06-20 04:00:00-07:00,362,294,44,964,62.87,63.16,56.14
2022-06-20 05:00:00-07:00,1249,896,95,1025,63.46,63.12,49.7
2022-06-20 06:00:00-07:00,1274,778,144,1141,59.15,58.44,48.53
2022-06-20 07:00:00-07:00,1335,1134,186,1154,57.41,57.83,48.31
2022-06-20 08:00:00-07:00,1235,1344,265,1236,61.52,60.5,50.86
2022-06-20 09:00:00-07:00,1258,1246,278,1180,60.74,59.45,51.43
2022-06-20 10:00:00-07:00,1348,1344,282,1222,57.02,55.41,49.89
2022-06-20 11:00:00-07:00,1405,1486,337,1229,57.79,57.21,48.78
2022-06-20 12:00:00-07:00,1476,1569,356,1288,59.88,57.62,50.83
2022-06-20 13:00:00-07:00,1406,1490,355,1273,59.55,57.36,51.18
2022-06-20 14:00:00-07:00,1396,1632,279,1299,47.94,42.98,39.26
2022-06-20 15:00:00-07:00,1525,1723,300,1345,42.61,37.39,34.81
2022-06-20 16:00:00-07:00,1494,1620,224,1300,32.56,25.44,22.61
2022-06-20 17:00:00-07:00,1523,1676,256,1368,40.62,34.52,33.1
2022-06-20 18:00:00-07:00,1346,1499,286,1219,61.34,58.79,51.88
2022-06-20 19:00:00-07:00,1103,1239,229,1205,59.56,59,48.31
2022-06-20 20:00:00-07:00,925,979,111,1114,58.16,57.17,42.74
2022-06-20 21:00:00-07:00,726,830,142,1144,61.82,61.51,52.27
2022-06-20 22:00:00-07:00,514,570,82,1095,62.05,62.32,45.95
2022-06-20 23:00:00-07:00,355,408,48,1132,62.1,62.75,51.98
2022-06-21 00:00:00-07:00,194,265,25,942,61.96,61.87,49.56
2022-06-21 01:00:00-07:00,123,187,30,1149,61.02,62.45,57.33
2022-06-21 02:00:00-07:00,84,133,15,892,63.71,62.08,49
2022-06-21 03:00:00-07:00,124,158,28,919,61.1,59.66,38.89
2022-06-21 04:00:00-07:00,353,344,40,1117,62.12,63.59,50.95
2022-06-21 05:00:00-07:00,1425,834,108,1268,59.45,61.9,53
2022-06-21 06:00:00-07:00,1367,1108,199,1358,60.53,61.26,56.06
2022-06-21 07:00:00-07:00,1577,1561,266,1360,60.14,58.19,52.3
2022-06-21 08:00:00-07:00,1457,1576,328,1374,58.94,56.79,49.39
2022-06-21 09:00:00-07:00,1401,1483,255,1220,59.72,55.9,49.07
2022-06-21 10:00:00-07:00,1429,1333,270,1252,55.58,54.83,49.69
2022-06-21 11:00:00-07:00,1345,1517,285,1237,57.55,55.48,48.81
2022-06-21 12:00:00-07:00,1359,1510,323,1297,59.1,58.02,50.29
2022-06-21 13:00:00-07:00,1389,1534,336,1325,59.57,56.05,49.64
2022-06-21 14:00:00-07:00,1460,1623,335,1282,57.95,56.15,49.73
2022-06-21 15:00:00-07:00,1507,1618,294,1308,37.45,30.77,30.76
2022-06-21 16:00:00-07:00,1538,1702,253,1308,38.02,29.68,30.43
2022-06-21 17:00:00-07:00,1565,1648,235,1315,35.43,28.29,25.97
2022-06-21 18:00:00-07:00,1392,1539,287,1264,51.34,49.13,47.44
2022-06-21 19:00:00-07:00,1141,1246,214,1122,58.08,56.5,48.48
2022-06-21 20:00:00-07:00,896,1047,192,1067,59.92,59.89,50.73
2022-06-21 21:00:00-07:00,736,851,142,1018,61.87,60.22,49.49
2022-06-21 22:00:00-07:00,544,621,78,966,63.04,60,59.05
2022-06-21 23:00:00-07:00,354,438,65,963,63.01,61.91,53.96
2022-06-22 00:00:00-07:00,222,262,30,964,60.79,63,54.03
2022-06-22 01:00:00-07:00,142,205,25,938,61.94,62.75,56.52
2022-06-22 02:00:00-07:00,106,157,20,934,60.4,61.51,49
2022-06-22 03:00:00-07:00,136,162,29,913,61.76,62.12,40.41
2022-06-22 04:00:00-07:00,332,321,30,1080,64.16,62.5,42.4
2022-06-22 05:00:00-07:00,1314,981,121,1148,57.12,58.73,52.44
2022-06-22 06:00:00-07:00,1415,1070,193,1218,59.58,58.91,53.7
2022-06-22 07:00:00-07:00,1524,1454,257,1269,58.59,56.47,53.52
2022-06-22 08:00:00-07:00,1444,1591,315,1278,58.53,57.5,48.12
2022-06-22 09:00:00-07:00,1479,1459,270,1249,57.07,55.09,46.39
2022-06-22 10:00:00-07:00,1394,1444,294,1240,57.09,57.42,47.32
2022-06-22 11:00:00-07:00,1347,1415,323,1206,60.84,56.1,54.24
2022-06-22 12:00:00-07:00,1370,1553,361,1336,58.71,56.09,51.13
2022-06-22 13:00:00-07:00,1360,1527,324,1245,59.94,57.82,50.57
2022-06-22 14:00:00-07:00,1447,1621,333,1273,58.93,56.53,50.59
2022-06-22 15:00:00-07:00,1483,1606,248,1396,35.4,29.71,27.78
2022-06-22 16:00:00-07:00,1362,1475,239,1260,32.57,24.73,21.73
2022-06-22 17:00:00-07:00,1565,1611,275,1415,32.78,24.79,22.16
2022-06-22 18:00:00-07:00,1432,1596,248,1216,49.3,44.03,40.82
2022-06-22 19:00:00-07:00,1039,1141,232,1020,61.76,60.14,53.17
2022-06-22 20:00:00-07:00,852,1024,210,1170,61.12,60.31,48.02
2022-06-22 21:00:00-07:00,721,819,153,1133,60.53,60.43,52.05
2022-06-22 22:00:00-07:00,563,671,93,1017,61.25,61.76,51.98
2022-06-22 23:00:00-07:00,367,404,50,1073,61.87,62.18,42.72
2022-06-23 00:00:00-07:00,217,263,28,1058,62.08,61.53,57
2022-06-23 01:00:00-07:00,147,193,16,766,61.24,61.58,62.31
2022-06-23 02:00:00-07:00,100,159,18,962,60.17,62.6,58.22
2022-06-23 03:00:00-07:00,118,156,26,1120,60.92,61.72,40.88
2022-06-23 04:00:00-07:00,358,341,30,1114,62.7,64.26,47.83
2022-06-23 05:00:00-07:00,1308,965,126,1333,60.63,62.42,52.88
2022-06-23 06:00:00-07:00,1371,1078,173,1362,59.96,61.06,56.02
2022-06-23 07:00:00-07:00,1555,1375,212,1177,55.44,55.72,44.74
2022-06-23 08:00:00-07:00,1535,1539,319,1217,56.5,54.7,49.54
2022-06-23 09:00:00-07:00,1362,1382,259,1232,60.08,57.81,49
2022-06-23 10:00:00-07:00,1136,1245,257,1103,60.21,58.61,49.62
2022-06-23 11:00:00-07:00,1418,1494,297,1246,58.39,55.42,51.37
2022-06-23 12:00:00-07:00,1367,1550,305,1239,59,57.7,47.92
2022-06-23 13:00:00-07:00,1393,1558,331,1298,58.91,57.1,48.18
2022-06-23 14:00:00-07:00,1410,1576,314,1302,55.77,52.55,45.39
2022-06-23 15:00:00-07:00,1480,1630,300,1312,40.3,35.75,36.65
2022-06-23 16:00:00-07:00,1499,1675,222,1263,36.95,31.33,27.35
2022-06-23 17:00:00-07:00,1429,1577,279,1265,34.71,29.92,26.98
2022-06-23 18:00:00-07:00,1358,1506,253,1234,41.11,37.51,34.1
2022-06-23 19:00:00-07:00,1124,1290,223,1077,62.44,58.85,52.69
2022-06-23 20:00:00-07:00,920,1089,197,1092,62.58,61.42,50.02
2022-06-23 21:00:00-07:00,796,920,145,1001,61.42,60.98,49.23
2022-06-23 22:00:00-07:00,754,738,120,1042,60.55,61.44,52.17
2022-06-23 23:00:00-07:00,398,477,54,978,62.34,62.45,48.11
2022-06-24 00:00:00-07:00,255,315,38,879,62.36,62.18,49.45
2022-06-24 01:00:00-07:00,174,195,22,912,61.92,62.8,57.5
2022-06-24 02:00:00-07:00,115,162,17,1027,60.98,61.71,49.18
2022-06-24 03:00:00-07:00,135,160,30,1068,61.34,61.53,49.7
2022-06-24 04:00:00-07:00,321,291,31,1105,61.65,63.11,49.35
2022-06-24 05:00:00-07:00,1159,781,101,1235,62.38,63.86,47.9
2022-06-24 06:00:00-07:00,1236,1025,164,1217,61.31,61.1,50.45
2022-06-24 07:00:00-07:00,1455,1307,217,1357,53.32,47.57,42.27
2022-06-24 08:00:00-07:00,1424,1404,296,1159,59.86,55.46,55.13
2022-06-24 09:00:00-07:00,1383,1379,277,1228,58.45,57.8,51.18
2022-06-24 10:00:00-07:00,1393,1458,309,1247,59.44,58.24,49.71
2022-06-24 11:00:00-07:00,1424,1542,324,1256,58.43,56.12,49.73
2022-06-24 12:00:00-07:00,1513,1564,366,1289,57.92,52.68,49.5
2022-06-24 13:00:00-07:00,1479,1647,338,1310,50.85,45.84,39.68
2022-06-24 14:00:00-07:00,1432,1558,242,1314,29.43,22.96,19.85
2022-06-24 15:00:00-07:00,1437,1522,271,1287,30.93,24.47,22.71
2022-06-24 16:00:00-07:00,1510,1613,220,1321,30.05,24.18,22
2022-06-24 17:00:00-07:00,1542,1656,251,1439,31.27,25.9,23.76
2022-06-24 18:00:00-07:00,1455,1577,252,1215,41.43,36.23,32.87
2022-06-24 19:00:00-07:00,1218,1371,255,1097,62.01,58.53,54.17
2022-06-24 20:00:00-07:00,926,1146,191,974,62.67,58.4,52.18
2022-06-24 21:00:00-07:00,830,955,191,1054,61.26,58.87,54.03
2022-06-24 22:00:00-07:00,756,854,115,1031,60.74,60.93,52.64
2022-06-24 23:00:00-07:00,645,647,91,992,61.51,62.28,49.2
2022-06-25 00:00:00-07:00,382,391,46,954,62.37,62.64,54.2
2022-06-25 01:00:00-07:00,244,269,33,923,62.39,63.28,47.45
2022-06-25 02:00:00-07:00,195,239,23,886,62.23,62.66,44.87
2022-06-25 03:00:00-07:00,157,150,22,826,62.29,62.31,57.05
2022-06-25 04:00:00-07:00,209,197,27,934,63.37,62.55,50.33
2022-06-25 05:00:00-07:00,464,306,56,995,64.05,63.63,55.53
2022-06-25 06:00:00-07:00,715,513,97,962,62.39,63.15,50.14
2022-06-25 07:00:00-07:00,964,753,167,1006,63.38,63.71,55.89
2022-06-25 08:00:00-07:00,1164,997,240,1112,62.46,61.75,50.64
2022-06-25 09:00:00-07:00,1406,1183,310,1192,62.67,61.04,57.01
2022-06-25 10:00:00-07:00,1568,1387,366,1170,61.09,59.14,52.77
2022-06-25 11:00:00-07:00,1505,1537,368,1213,59.87,56.67,50.92
2022-06-25 12:00:00-07:00,1484,1564,324,1164,51.63,46.5,44.68
2022-06-25 13:00:00-07:00,1520,1659,306,1163,56.63,54.41,44.75
2022-06-25 14:00:00-07:00,1548,1511,346,1207,59.72,58.16,50.46
2022-06-25 15:00:00-07:00,1443,1614,344,1176,60.56,58.8,50.73
2022-06-25 16:00:00-07:00,1378,1560,316,1138,61.09,58.88,51.68
2022-06-25 17:00:00-07:00,1312,1535,297,1079,62.38,58.65,54.57
2022-06-25 18:00:00-07:00,1266,1360,249,994,63.42,60.63,54.24
2022-06-25 19:00:00-07:00,1103,1180,230,993,63.76,60.79,55.19
2022-06-25 20:00:00-07:00,861,1071,183,922,63.08,60.01,52.83
2022-06-25 21:00:00-07:00,856,934,156,935,61.75,61.56,51.39
2022-06-25 22:00:00-07:00,819,921,119,901,61.53,61.73,52.16
2022-06-25 23:00:00-07:00,575,606,82,890,62.44,62.46,50.41
2022-06-26 00:00:00-07:00,381,420,43,842,62.06,63.18,57.79
2022-06-26 01:00:00-07:00,256,324,25,834,62.75,63.55,54.28
2022-06-26 02:00:00-07:00,202,234,21,719,63.79,61.89,60.38
2022-06-26 03:00:00-07:00,158,169,19,921,62.99,61.73,58.79
2022-06-26 04:00:00-07:00,137,131,23,888,63.74,62.15,59.22
2022-06-26 05:00:00-07:00,274,231,34,901,63.41,65,56.14
2022-06-26 06:00:00-07:00,499,420,66,929,64.51,65.48,52.59
2022-06-26 07:00:00-07:00,727,605,119,1016,64.6,64.18,51.13
2022-06-26 08:00:00-07:00,963,748,184,982,64.32,63.67,55.62
2022-06-26 09:00:00-07:00,1216,1032,285,1094,64.05,62.07,54.97
2022-06-26 10:00:00-07:00,1460,1226,368,1160,62.7,61.46,53.28
2022-06-26 11:00:00-07:00,1532,1467,382,1203,61.85,59.18,53.26
2022-06-26 12:00:00-07:00,1494,1562,377,1217,60.02,58.95,51.62
2022-06-26 13:00:00-07:00,1433,1483,347,1161,60.88,59.05,52.77
2022-06-26 14:00:00-07:00,1388,1510,299,1099,61.51,59.7,47.64
2022-06-26 15:00:00-07:00,1314,1427,289,1102,62.08,60.92,49.93
2022-06-26 16:00:00-07:00,1309,1386,298,1062,63.26,60.51,52.56
2022-06-26 17:00:00-07:00,1165,1357,277,1045,64.09,60.93,53.35
2022-06-26 18:00:00-07:00,1146,1282,238,1035,63.42,61.51,47.92
2022-06-26 19:00:00-07:00,1057,1075,172,942,63.27,62.66,54.36
2022-06-26 20:00:00-07:00,831,948,166,918,63.27,62.18,51.75
2022-06-26 21:00:00-07:00,737,808,129,919,62.58,62.31,50.3
2022-06-26 22:00:00-07:00,596,667,74,895,61.84,62.54,55.46
2022-06-26 23:00:00-07:00,381,426,50,889,62.16,63.2,48.24
2022-06-27 00:00:00-07:00,225,261,39,871,63.2,62.8,60.74
2022-06-27 01:00:00-07:00,153,210,17,857,63.14,64.38,41
2022-06-27 02:00:00-07:00,102,135,11,798,62.93,60.57,59.82
2022-06-27 03:00:00-07:00,138,150,25,848,61.1,62.75,46.4
2022-06-27 04:00:00-07:00,357,310,43,945,62.71,64.36,51.81
2022-06-27 05:00:00-07:00,1359,925,126,1052,62.57,63.77,52.1
2022-06-27 06:00:00-07:00,1299,1075,164,1199,62.23,62.3,54.48
2022-06-27 07:00:00-07:00,1453,1359,249,1201,59.34,58.31,52.22
2022-06-27 08:00:00-07:00,1439,1536,315,1190,59.58,55.14,50.95
2022-06-27 09:00:00-07:00,1345,1426,303,1127,60.85,57.85,49.54
2022-06-27 10:00:00-07:00,1317,1360,275,1128,60.17,59.33,50.31
2022-06-27 11:00:00-07:00,1357,1421,308,1110,60.4,58.81,52.26
2022-06-27 12:00:00-07:00,1370,1491,344,1088,59.67,58.17,50.09
2022-06-27 13:00:00-07:00,1361,1469,319,1147,57.95,53.23,47.47
2022-06-27 14:00:00-07:00,1394,1421,211,1175,40.06,30.64,32.43
2022-06-27 15:00:00-07:00,1459,1391,231,1276,29.34,21.08,20.33
2022-06-27 16:00:00-07:00,1327,1539,283,1154,44.47,42.42,36.98
2022-06-27 17:00:00-07:00,1471,1626,288,1215,43.58,39.5,35.18
2022-06-27 18:00:00-07:00,1256,1416,265,1125,60.29,57.28,45.57
2022-06-27 19:00:00-07:00,994,1112,232,1088,63.3,61.61,53.28
2022-06-27 20:00:00-07:00,786,948,184,1038,63.23,62.15,51.01
2022-06-27 21:00:00-07:00,636,783,168,1054,62.66,60.76,55.48
2022-06-27 22:00:00-07:00,531,599,98,861,61.79,62.76,53.09
2022-06-27 23:00:00-07:00,387,413,64,860,60.8,61.28,52.33
2022-06-28 00:00:00-07:00,211,250,23,894,61.48,62.44,53.48
2022-06-28 01:00:00-07:00,156,184,18,947,61.78,61.64,57.94
2022-06-28 02:00:00-07:00,111,150,18,770,62.91,60.29,54.11
2022-06-28 03:00:00-07:00,134,169,30,897,62.52,61.46,45.7
2022-06-28 04:00:00-07:00,376,336,36,975,63.7,63.18,41.97
2022-06-28 05:00:00-07:00,1366,952,138,1136,58.33,60.02,49.7
2022-06-28 06:00:00-07:00,1349,1141,196,1166,62.01,62.3,52.5
2022-06-28 07:00:00-07:00,1508,1488,243,1253,60.46,59.38,49.36
2022-06-28 08:00:00-07:00,1492,1626,331,1287,58.76,56.53,50.17
2022-06-28 09:00:00-07:00,1394,1509,271,1208,60.46,57.43,50.96
2022-06-28 10:00:00-07:00,1283,1360,268,1178,61.34,59.09,51.52
2022-06-28 11:00:00-07:00,1275,1415,293,1177,60.78,57.66,51.65
2022-06-28 12:00:00-07:00,1363,1520,325,1202,60.55,59.01,50.69
2022-06-28 13:00:00-07:00,1381,1515,327,1157,60.11,58.15,50.61
2022-06-28 14:00:00-07:00,1451,1553,348,1217,57.53,55.1,48.7
2022-06-28 15:00:00-07:00,1547,1646,274,1261,40.39,33.13,29.7
2022-06-28 16:00:00-07:00,1545,1675,232,1258,37.5,28.28,25.36
2022-06-28 17:00:00-07:00,1557,1635,272,1339,34.7,26.06,24.18
2022-06-28 18:00:00-07:00,1365,1561,277,1173,57.3,54.39,48.5
2022-06-28 19:00:00-07:00,1148,1216,231,1084,58.52,58.2,50.76
2022-06-28 20:00:00-07:00,912,1010,205,1083,58.03,58.12,44.22
2022-06-28 21:00:00-07:00,626,682,143,1071,60.93,61.32,53.34
2022-06-28 22:00:00-07:00,470,566,99,997,61.4,62.71,49.28
2022-06-28 23:00:00-07:00,319,419,44,976,62.5,61.74,55.64
2022-06-29 00:00:00-07:00,231,270,26,853,62.75,62.02,58.69
2022-06-29 01:00:00-07:00,139,171,14,858,57.4,59.92,48.72
2022-06-29 02:00:00-07:00,122,151,22,789,59.45,60.25,52.59
2022-06-29 03:00:00-07:00,151,185,26,893,59.24,62.07,45.19
2022-06-29 04:00:00-07:00,345,313,35,947,62.25,64.11,53
2022-06-29 05:00:00-07:00,1411,993,142,1095,60.97,61.83,54.18
2022-06-29 06:00:00-07:00,1432,1024,199,1137,61.28,58.97,57.62
2022-06-29 07:00:00-07:00,1538,1443,220,1203,60.41,56.7,55.71
2022-06-29 08:00:00-07:00,1480,1629,330,1302,59.05,56.81,49.38
2022-06-29 09:00:00-07:00,1371,1435,248,1250,58.19,56.9,49.59
2022-06-29 10:00:00-07:00,1301,1444,254,1147,60.14,57.72,48.06
2022-06-29 11:00:00-07:00,1310,1477,324,1183,60.11,58.18,48.45
2022-06-29 12:00:00-07:00,1322,1441,287,1204,55.23,49.99,44.75
2022-06-29 13:00:00-07:00,1353,1552,318,1136,56.66,51.71,47.61
2022-06-29 14:00:00-07:00,1453,1638,296,1189,54.01,47.66,43.83
2022-06-29 15:00:00-07:00,1527,1649,336,1267,45.77,40.34,34.21
2022-06-29 16:00:00-07:00,1557,1517,364,1464,30.52,20.97,20.26
2022-06-29 17:00:00-07:00,1536,1601,290,1526,33.14,23.11,21.85
2022-06-29 18:00:00-07:00,1409,1479,255,1217,47.24,41.12,37.48
2022-06-29 19:00:00-07:00,1185,1256,227,1102,58.57,57.3,47.8
2022-06-29 20:00:00-07:00,925,1093,198,1061,60.26,57.76,49.97
2022-06-29 21:00:00-07:00,728,866,147,972,61.47,60.67,53.1
2022-06-29 22:00:00-07:00,664,784,104,1029,61.66,61.94,50.52
2022-06-29 23:00:00-07:00,333,382,34,951,61.61,63.5,47.64
2022-06-30 00:00:00-07:00,213,246,25,849,61.83,62.21,53.96
2022-06-30 01:00:00-07:00,175,202,18,843,61.83,61.31,51.78
2022-06-30 02:00:00-07:00,88,135,16,829,59.62,61.58,47.25
2022-06-30 03:00:00-07:00,90,164,14,776,59.88,61.2,48.15
2022-06-30 04:00:00-07:00,333,254,29,958,63,64.83,48.93
2022-06-30 05:00:00-07:00,1245,887,136,1077,62.12,63.18,51.09
2022-06-30 06:00:00-07:00,1368,1108,184,1150,61.79,60.89,51.8
2022-06-30 07:00:00-07:00,1515,1467,266,1261,61.43,57.99,52.44
2022-06-30 08:00:00-07:00,1490,1600,332,1268,60.52,55.09,50.2
2022-06-30 09:00:00-07:00,1413,1443,271,1192,60.58,57.56,52.28
2022-06-30 10:00:00-07:00,1417,1423,292,1163,60.8,57.69,51.12
2022-06-30 11:00:00-07:00,1449,1443,329,1153,60.1,58.98,49.47
2022-06-30 12:00:00-07:00,1467,1579,320,1214,55.57,52.74,44.73
2022-06-30 13:00:00-07:00,1434,1596,344,1162,56.21,52.29,45.98
2022-06-30 14:00:00-07:00,1499,1659,347,1232,58.62,54.52,51.7
2022-06-30 15:00:00-07:00,1581,1715,316,1222,53.64,47.46,44.27
2022-06-30 16:00:00-07:00,1503,1656,254,1349,34.41,26.74,26.46
2022-06-30 17:00:00-07:00,1565,1677,254,1416,32.96,26.42,23.67
2022-06-30 18:00:00-07:00,1424,1548,263,1227,42.58,38.1,35
2022-06-30 19:00:00-07:00,1197,1293,249,1006,61.18,60.18,51.56
2022-06-30 20:00:00-07:00,1011,1120,170,1038,57.01,55.62,45.36
2022-06-30 21:00:00-07:00,814,872,207,989,61.55,60.79,50.98
2022-06-30 22:00:00-07:00,639,710,114,967,61.58,60.79,54.11
2022-06-30 23:00:00-07:00,407,505,45,913,61.25,62.52,52.16
2022-07-01 00:00:00-07:00,251,320,30,907,61.09,62.97,48.8
2022-07-01 01:00:00-07:00,180,232,29,832,59.99,61.33,57.9
2022-07-01 02:00:00-07:00,135,185,28,983,59.65,61.65,45.82
2022-07-01 03:00:00-07:00,126,161,21,913,61.27,63.12,50.43
2022-07-01 04:00:00-07:00,249,248,36,918,63.32,60.54,54.17
2022-07-01 05:00:00-07:00,749,574,107,1053,64.07,63.8,55.87
2022-07-01 06:00:00-07:00,1238,979,157,1148,60.42,59.06,50.37
2022-07-01 07:00:00-07:00,1514,1395,216,1198,58,58.14,49.21
2022-07-01 08:00:00-07:00,1382,1406,272,1283,58.06,57.38,49.61
2022-07-01 09:00:00-07:00,1375,1443,260,1189,59.44,58.33,51.41
2022-07-01 10:00:00-07:00,1505,1451,303,1232,60.66,58.99,50.75
2022-07-01 11:00:00-07:00,1638,1600,373,1222,59.58,56.55,51.09
2022-07-01 12:00:00-07:00,1580,1650,326,1226,48.44,43.18,41.48
2022-07-01 13:00:00-07:00,1463,1627,283,1306,39.67,32.8,28.41
2022-07-01 14:00:00-07:00,1445,1548,246,1362,31.07,25.52,22.1
2022-07-01 15:00:00-07:00,1490,1590,273,1340,30.71,24.79,22.24
2022-07-01 16:00:00-07:00,1477,1635,242,1329,30.67,26.67,23.79
2022-07-01 17:00:00-07:00,1437,1627,296,1199,47.25,43.43,38.43
2022-07-01 18:00:00-07:00,1425,1569,297,1073,60.12,58.78,49.15
2022-07-01 19:00:00-07:00,1204,1372,261,1169,61.41,59.86,49.04
2022-07-01 20:00:00-07:00,1063,1100,171,954,58.81,57.58,46.8
2022-07-01 21:00:00-07:00,831,937,188,1045,61.31,61.25,50.89
2022-07-01 22:00:00-07:00,726,789,123,987,61.32,61.73,51.45
2022-07-01 23:00:00-07:00,534,543,77,1022,62.62,60.48,46.54
2022-07-02 00:00:00-07:00,329,384,57,1036,62.52,61.39,54.07
2022-07-02 01:00:00-07:00,227,277,31,948,63.01,61.57,59.8
2022-07-02 02:00:00-07:00,159,234,22,755,62.48,63.83,37.63
2022-07-02 03:00:00-07:00,123,149,13,771,61.48,61.54,51.85
2022-07-02 04:00:00-07:00,138,168,17,848,61.05,64.62,41.06
2022-07-02 05:00:00-07:00,266,297,50,922,60.62,61.63,49.3
2022-07-02 06:00:00-07:00,646,489,80,1045,62.35,60.5,52.56
2022-07-02 07:00:00-07:00,869,625,123,1079,60.86,60.34,51.52
2022-07-02 08:00:00-07:00,1027,825,179,1092,60.06,60.37,49.39
2022-07-02 09:00:00-07:00,1268,1060,194,1154,58.43,58.26,48.08
2022-07-02 10:00:00-07:00,1551,1413,327,1297,61.31,61.01,51.91
2022-07-02 11:00:00-07:00,1681,1640,374,1334,57.31,54.16,47.7
2022-07-02 12:00:00-07:00,1597,1627,326,1230,53.39,48.68,41.38
2022-07-02 13:00:00-07:00,1451,1486,354,1192,62.61,59.03,55.16
2022-07-02 14:00:00-07:00,1414,1502,404,1154,61.89,59.03,50.57
2022-07-02 15:00:00-07:00,1437,1532,349,1117,60.48,58.51,52.06
2022-07-02 16:00:00-07:00,1340,1439,324,1128,61.74,60.88,53.13
2022-07-02 17:00:00-07:00,1314,1422,303,1128,62.27,60.82,52.68
2022-07-02 18:00:00-07:00,1208,1305,264,983,62.69,60.48,54.44
2022-07-02 19:00:00-07:00,1097,1188,214,961,63.91,61.19,54.02
2022-07-02 20:00:00-07:00,899,1069,181,931,63.64,60.59,54.29
2022-07-02 21:00:00-07:00,768,868,140,1011,62.92,60.16,54.4
2022-07-02 22:00:00-07:00,651,719,89,973,61.32,61.37,53.91
2022-07-02 23:00:00-07:00,491,560,74,949,61,62.59,49.89
2022-07-03 00:00:00-07:00,367,365,36,950,62.3,63.02,54.36
2022-07-03 01:00:00-07:00,213,245,19,907,62.58,63.02,44
2022-07-03 02:00:00-07:00,198,223,20,920,61.52,61.82,57.95
2022-07-03 03:00:00-07:00,159,163,13,868,60.9,62.57,51.77
2022-07-03 04:00:00-07:00,141,146,16,747,62.17,61.73,40.62
2022-07-03 05:00:00-07:00,205,222,33,765,63.94,64.97,37.94
2022-07-03 06:00:00-07:00,405,375,47,1005,65.27,65.89,53.45
2022-07-03 07:00:00-07:00,585,522,94,988,65.3,65.6,49.58
2022-07-03 08:00:00-07:00,719,596,130,1037,65.89,64.56,54.05
2022-07-03 09:00:00-07:00,949,851,170,1021,62.79,60.61,54.04
2022-07-03 10:00:00-07:00,1207,1148,231,1054,60.22,57.77,52.08
2022-07-03 11:00:00-07:00,1336,1268,336,1174,61.99,61.21,53.46
2022-07-03 12:00:00-07:00,1336,1450,384,1249,62.87,60.1,54.07
2022-07-03 13:00:00-07:00,1415,1501,352,1097,62.09,60.86,52.29
2022-07-03 14:00:00-07:00,1362,1399,353,1184,62.63,61.39,52.65
2022-07-03 15:00:00-07:00,1364,1373,298,1085,62.75,61.88,53.6
2022-07-03 16:00:00-07:00,1198,1344,287,1100,63.65,61.23,51.88
2022-07-03 17:00:00-07:00,1182,1341,268,1061,63.7,60.9,53.9
2022-07-03 18:00:00-07:00,1156,1274,236,1093,64.37,61.59,54.7
2022-07-03 19:00:00-07:00,979,1123,210,1001,63.39,62.17,54.66
2022-07-03 20:00:00-07:00,814,959,149,1088,62.66,62.37,52.19
2022-07-03 21:00:00-07:00,695,729,108,1042,62.8,61.19,54.78
2022-07-03 22:00:00-07:00,563,634,100,982,62.19,60.79,51.09
2022-07-03 23:00:00-07:00,466,495,52,964,62.64,62.66,56.23
2022-07-04 00:00:00-07:00,291,325,48,900,64.11,61.48,53.5
2022-07-04 01:00:00-07:00,179,237,14,764,62.42,61.75,61.86
2022-07-04 02:00:00-07:00,124,154,19,791,63.01,63.53,43.63
2022-07-04 03:00:00-07:00,120,149,18,1003,62.09,61.83,47.5
2022-07-04 04:00:00-07:00,123,134,11,753,62.11,62.26,45.64
2022-07-04 05:00:00-07:00,236,238,38,954,64.19,63.58,46.71
2022-07-04 06:00:00-07:00,453,369,51,1064,64,62.22,51.08
2022-07-04 07:00:00-07:00,547,504,94,969,65.2,64.56,54.95
2022-07-04 08:00:00-07:00,679,623,156,1007,64.52,64.78,45.99
2022-07-04 09:00:00-07:00,870,798,212,987,64.41,64.35,49.51
2022-07-04 10:00:00-07:00,1009,876,205,1020,64.15,63.24,54.13
2022-07-04 11:00:00-07:00,1075,1115,276,1098,64.1,62.31,54.43
2022-07-04 12:00:00-07:00,1112,1160,277,991,64.23,61.72,53.92
2022-07-04 13:00:00-07:00,1163,1239,281,1068,64.06,61.36,56.99
2022-07-04 14:00:00-07:00,1123,1164,270,1079,64.54,61.51,55.79
2022-07-04 15:00:00-07:00,1174,1211,225,1092,64.05,62.97,53.28
2022-07-04 16:00:00-07:00,1082,1147,201,1051,64.14,62.64,47.22
2022-07-04 17:00:00-07:00,1037,1125,191,1074,63.82,63.6,54.03
2022-07-04 18:00:00-07:00,1048,1097,171,972,64.84,63.28,54.88
2022-07-04 19:00:00-07:00,825,970,139,996,64.79,63.38,53.59
2022-07-04 20:00:00-07:00,689,799,142,972,64.23,61.67,49.59
2022-07-04 21:00:00-07:00,600,724,115,924,63.38,61.93,54.76
2022-07-04 22:00:00-07:00,664,747,92,900,61.25,61.77,52.03
2022-07-04 23:00:00-07:00,841,854,82,1001,61.26,62.21,54.47
2022-07-05 00:00:00-07:00,371,390,33,895,62.99,63.79,39.21
2022-07-05 01:00:00-07:00,177,228,20,894,60.72,61.7,54.4
2022-07-05 02:00:00-07:00,108,135,15,725,62.03,63.03,61.8
2022-07-05 03:00:00-07:00,115,157,21,902,63.6,59.49,56.34
2022-07-05 04:00:00-07:00,317,276,40,1012,63.51,62.63,56.05
2022-07-05 05:00:00-07:00,1103,794,94,1034,63.15,64.17,54.24
2022-07-05 06:00:00-07:00,1257,1005,144,1113,61.79,62.86,46.1
2022-07-05 07:00:00-07:00,1409,1326,204,1108,61.7,60.39,50.68
2022-07-05 08:00:00-07:00,1445,1459,197,1197,54.66,50.4,41.75
2022-07-05 09:00:00-07:00,1267,1337,218,1084,59.53,58.81,47.96
2022-07-05 10:00:00-07:00,1335,1327,278,1147,58.13,57.51,50.07
2022-07-05 11:00:00-07:00,1342,1416,280,1198,55.81,54.82,49.01
2022-07-05 12:00:00-07:00,1272,1395,304,1199,59.06,58.21,49.97
2022-07-05 13:00:00-07:00,1318,1473,303,1146,59.98,58.32,46.79
2022-07-05 14:00:00-07:00,1492,1636,303,1070,58.22,57.05,50.68
2022-07-05 15:00:00-07:00,1546,1680,326,1172,55.42,50.61,46.82
2022-07-05 16:00:00-07:00,1520,1651,238,1282,37.72,29.43,27.07
2022-07-05 17:00:00-07:00,1557,1652,244,1296,39.01,29.62,29.53
2022-07-05 18:00:00-07:00,1283,1459,289,1095,62.03,58.83,52.89
2022-07-05 19:00:00-07:00,1072,1193,217,977,61.71,60.5,48.72
2022-07-05 20:00:00-07:00,817,977,169,966,59.12,59.99,51.83
2022-07-05 21:00:00-07:00,595,714,129,1035,61.08,60.38,50.54
2022-07-05 22:00:00-07:00,404,500,75,995,62.08,61.55,57.39
2022-07-05 23:00:00-07:00,279,381,48,984,62.5,62.34,51.19
2022-07-06 00:00:00-07:00,177,231,18,736,61.64,60.86,35.22
2022-07-06 01:00:00-07:00,113,159,15,774,61.4,62.15,40
2022-07-06 02:00:00-07:00,97,130,16,701,60.49,60.66,45.75
2022-07-06 03:00:00-07:00,119,175,17,776,60.61,60.66,41.71
2022-07-06 04:00:00-07:00,325,338,38,885,62.77,61.82,44.74
2022-07-06 05:00:00-07:00,1245,972,127,1095,61.12,61.18,51.64
2022-07-06 06:00:00-07:00,1235,1116,180,1125,60.91,58.84,53.29
2022-07-06 07:00:00-07:00,1405,1426,263,1120,59.82,58.08,51.5
2022-07-06 08:00:00-07:00,1372,1515,247,1156,59.34,57.04,47.17
2022-07-06 09:00:00-07:00,1355,1473,254,1097,59.1,57.93,47.46
2022-07-06 10:00:00-07:00,1330,1364,276,1060,59.78,58.85,53.14
2022-07-06 11:00:00-07:00,1388,1432,279,1134,59.61,57.92,49.93
2022-07-06 12:00:00-07:00,1342,1498,316,1066,61.22,57.75,52.13
